aggr_num,aggr_area,Mean,StdDev,Min,Max,IntDen,RawIntDen,N,age,treatment,wormID,worm_area
1,0.391,43,3.916,38,47,16.797,172,N3,L4+1,mannitol,M2_N3_D1,44638.477
2,0.684,43.143,11.524,30,64,29.492,302,N3,L4+1,mannitol,M2_N3_D1,44638.477
3,0.098,52,0,52,52,5.078,52,N3,L4+1,mannitol,M2_N3_D1,44638.477
4,0.195,42,8.485,36,48,8.203,84,N3,L4+1,mannitol,M2_N3_D1,44638.477
5,0.879,47.556,11.248,30,66,41.797,428,N3,L4+1,mannitol,M2_N3_D1,44638.477
6,0.098,30,0,30,30,2.93,30,N3,L4+1,mannitol,M2_N3_D1,44638.477
7,0.293,42,6.245,35,47,12.305,126,N3,L4+1,mannitol,M2_N3_D1,44638.477
8,0.586,32.667,1.966,30,36,19.141,196,N3,L4+1,mannitol,M2_N3_D1,44638.477
9,0.195,31.5,0.707,31,32,6.152,63,N3,L4+1,mannitol,M2_N3_D1,44638.477
10,0.098,66,0,66,66,6.445,66,N3,L4+1,mannitol,M2_N3_D1,44638.477
11,0.098,30,0,30,30,2.93,30,N3,L4+1,mannitol,M2_N3_D1,44638.477
12,0.098,32,0,32,32,3.125,32,N3,L4+1,mannitol,M2_N3_D1,44638.477
13,0.098,34,0,34,34,3.32,34,N3,L4+1,mannitol,M2_N3_D1,44638.477
14,0.195,40,7.071,35,45,7.812,80,N3,L4+1,mannitol,M2_N3_D1,44638.477
15,0.098,66,0,66,66,6.445,66,N3,L4+1,mannitol,M2_N3_D1,44638.477
16,0.195,65.5,0.707,65,66,12.793,131,N3,L4+1,mannitol,M2_N3_D1,44638.477
17,0.195,63.5,2.121,62,65,12.402,127,N3,L4+1,mannitol,M2_N3_D1,44638.477
18,0.195,33.5,0.707,33,34,6.543,67,N3,L4+1,mannitol,M2_N3_D1,44638.477
19,0.293,31,1,30,32,9.082,93,N3,L4+1,mannitol,M2_N3_D1,44638.477
20,0.293,32.333,2.517,30,35,9.473,97,N3,L4+1,mannitol,M2_N3_D1,44638.477
21,0.098,61,0,61,61,5.957,61,N3,L4+1,mannitol,M2_N3_D1,44638.477
22,0.098,34,0,34,34,3.32,34,N3,L4+1,mannitol,M2_N3_D1,44638.477
23,0.293,63,0,63,63,18.457,189,N3,L4+1,mannitol,M2_N3_D1,44638.477
24,0.098,65,0,65,65,6.348,65,N3,L4+1,mannitol,M2_N3_D1,44638.477
25,0.098,63,0,63,63,6.152,63,N3,L4+1,mannitol,M2_N3_D1,44638.477
26,0.293,60,3.606,57,64,17.578,180,N3,L4+1,mannitol,M2_N3_D1,44638.477
27,0.195,36.5,3.536,34,39,7.129,73,N3,L4+1,mannitol,M2_N3_D1,44638.477
28,1.27,53.615,12.272,32,65,68.066,697,N3,L4+1,mannitol,M2_N3_D1,44638.477
29,0.391,52,9.416,43,62,20.312,208,N3,L4+1,mannitol,M2_N3_D1,44638.477
30,0.293,48.333,17.559,30,65,14.16,145,N3,L4+1,mannitol,M2_N3_D1,44638.477
31,0.098,64,0,64,64,6.25,64,N3,L4+1,mannitol,M2_N3_D1,44638.477
32,0.098,66,0,66,66,6.445,66,N3,L4+1,mannitol,M2_N3_D1,44638.477
33,0.098,41,0,41,41,4.004,41,N3,L4+1,mannitol,M2_N3_D1,44638.477
34,0.195,52.5,7.778,47,58,10.254,105,N3,L4+1,mannitol,M2_N3_D1,44638.477
35,0.488,43.6,8.989,32,56,21.289,218,N3,L4+1,mannitol,M2_N3_D1,44638.477
36,0.293,58.333,3.055,55,61,17.09,175,N3,L4+1,mannitol,M2_N3_D1,44638.477
37,0.098,64,0,64,64,6.25,64,N3,L4+1,mannitol,M2_N3_D1,44638.477
38,0.098,57,0,57,57,5.566,57,N3,L4+1,mannitol,M2_N3_D1,44638.477
39,0.098,66,0,66,66,6.445,66,N3,L4+1,mannitol,M2_N3_D1,44638.477
40,0.098,66,0,66,66,6.445,66,N3,L4+1,mannitol,M2_N3_D1,44638.477
41,0.098,66,0,66,66,6.445,66,N3,L4+1,mannitol,M2_N3_D1,44638.477
42,0.098,64,0,64,64,6.25,64,N3,L4+1,mannitol,M2_N3_D1,44638.477
43,0.098,66,0,66,66,6.445,66,N3,L4+1,mannitol,M2_N3_D1,44638.477
44,0.098,65,0,65,65,6.348,65,N3,L4+1,mannitol,M2_N3_D1,44638.477
45,0.391,64,1.155,63,65,25,256,N3,L4+1,mannitol,M2_N3_D1,44638.477
46,0.098,65,0,65,65,6.348,65,N3,L4+1,mannitol,M2_N3_D1,44638.477
47,0.195,64,0,64,64,12.5,128,N3,L4+1,mannitol,M2_N3_D1,44638.477
48,0.098,32,0,32,32,3.125,32,N3,L4+1,mannitol,M2_N3_D1,44638.477
49,0.098,66,0,66,66,6.445,66,N3,L4+1,mannitol,M2_N3_D1,44638.477
50,0.195,49,4.243,46,52,9.57,98,N3,L4+1,mannitol,M2_N3_D1,44638.477
51,0.195,53,11.314,45,61,10.352,106,N3,L4+1,mannitol,M2_N3_D1,44638.477
52,0.195,63.5,2.121,62,65,12.402,127,N3,L4+1,mannitol,M2_N3_D1,44638.477
53,0.391,52.75,9.032,45,62,20.605,211,N3,L4+1,mannitol,M2_N3_D1,44638.477
54,0.293,45.667,16.503,32,64,13.379,137,N3,L4+1,mannitol,M2_N3_D1,44638.477
55,0.977,43,12.893,30,64,41.992,430,N3,L4+1,mannitol,M2_N3_D1,44638.477
56,0.098,36,0,36,36,3.516,36,N3,L4+1,mannitol,M2_N3_D1,44638.477
57,0.391,47.5,6.245,41,55,18.555,190,N3,L4+1,mannitol,M2_N3_D1,44638.477
58,0.195,40,14.142,30,50,7.812,80,N3,L4+1,mannitol,M2_N3_D1,44638.477
59,0.098,57,0,57,57,5.566,57,N3,L4+1,mannitol,M2_N3_D1,44638.477
60,0.098,66,0,66,66,6.445,66,N3,L4+1,mannitol,M2_N3_D1,44638.477
61,0.195,45.5,14.849,35,56,8.887,91,N3,L4+1,mannitol,M2_N3_D1,44638.477
62,0.781,47.125,11.765,31,65,36.816,377,N3,L4+1,mannitol,M2_N3_D1,44638.477
63,0.586,47.333,13.261,32,60,27.734,284,N3,L4+1,mannitol,M2_N3_D1,44638.477
64,0.195,50.5,13.435,41,60,9.863,101,N3,L4+1,mannitol,M2_N3_D1,44638.477
65,0.195,48,8.485,42,54,9.375,96,N3,L4+1,mannitol,M2_N3_D1,44638.477
66,0.195,64.5,0.707,64,65,12.598,129,N3,L4+1,mannitol,M2_N3_D1,44638.477
67,0.098,66,0,66,66,6.445,66,N3,L4+1,mannitol,M2_N3_D1,44638.477
68,0.293,50.333,8.963,40,56,14.746,151,N3,L4+1,mannitol,M2_N3_D1,44638.477
69,0.098,52,0,52,52,5.078,52,N3,L4+1,mannitol,M2_N3_D1,44638.477
70,0.488,44.4,12.137,31,60,21.68,222,N3,L4+1,mannitol,M2_N3_D1,44638.477
71,0.195,50,14.142,40,60,9.766,100,N3,L4+1,mannitol,M2_N3_D1,44638.477
72,0.488,49.6,9.99,35,60,24.219,248,N3,L4+1,mannitol,M2_N3_D1,44638.477
73,0.293,44,12.124,31,55,12.891,132,N3,L4+1,mannitol,M2_N3_D1,44638.477
74,0.586,47.167,12.024,31,60,27.637,283,N3,L4+1,mannitol,M2_N3_D1,44638.477
75,0.098,65,0,65,65,6.348,65,N3,L4+1,mannitol,M2_N3_D1,44638.477
76,0.488,54.6,9.94,43,66,26.66,273,N3,L4+1,mannitol,M2_N3_D1,44638.477
77,0.098,40,0,40,40,3.906,40,N3,L4+1,mannitol,M2_N3_D1,44638.477
78,0.391,43.5,8.426,35,53,16.992,174,N3,L4+1,mannitol,M2_N3_D1,44638.477
79,0.586,48.833,12.352,32,65,28.613,293,N3,L4+1,mannitol,M2_N3_D1,44638.477
80,0.098,34,0,34,34,3.32,34,N3,L4+1,mannitol,M2_N3_D1,44638.477
81,0.195,58,1.414,57,59,11.328,116,N3,L4+1,mannitol,M2_N3_D1,44638.477
82,0.098,60,0,60,60,5.859,60,N3,L4+1,mannitol,M2_N3_D1,44638.477
83,0.488,50.4,17.813,30,66,24.609,252,N3,L4+1,mannitol,M2_N3_D1,44638.477
84,0.391,45.5,8.583,34,53,17.773,182,N3,L4+1,mannitol,M2_N3_D1,44638.477
85,0.293,62.667,3.512,59,66,18.359,188,N3,L4+1,mannitol,M2_N3_D1,44638.477
86,0.195,52.5,10.607,45,60,10.254,105,N3,L4+1,mannitol,M2_N3_D1,44638.477
87,0.195,51.5,13.435,42,61,10.059,103,N3,L4+1,mannitol,M2_N3_D1,44638.477
88,0.195,44,8.485,38,50,8.594,88,N3,L4+1,mannitol,M2_N3_D1,44638.477
89,0.586,49.333,14.208,30,65,28.906,296,N3,L4+1,mannitol,M2_N3_D1,44638.477
90,0.195,63.5,0.707,63,64,12.402,127,N3,L4+1,mannitol,M2_N3_D1,44638.477
91,0.391,50.25,12.868,32,62,19.629,201,N3,L4+1,mannitol,M2_N3_D1,44638.477
92,0.098,41,0,41,41,4.004,41,N3,L4+1,mannitol,M2_N3_D1,44638.477
93,0.098,62,0,62,62,6.055,62,N3,L4+1,mannitol,M2_N3_D1,44638.477
94,0.293,45.333,11.24,33,55,13.281,136,N3,L4+1,mannitol,M2_N3_D1,44638.477
95,0.098,58,0,58,58,5.664,58,N3,L4+1,mannitol,M2_N3_D1,44638.477
96,0.293,47.667,16.623,30,63,13.965,143,N3,L4+1,mannitol,M2_N3_D1,44638.477
97,1.562,42.562,10.341,32,62,66.504,681,N3,L4+1,mannitol,M2_N3_D1,44638.477
98,0.293,65,1.732,63,66,19.043,195,N3,L4+1,mannitol,M2_N3_D1,44638.477
99,0.195,41.5,13.435,32,51,8.105,83,N3,L4+1,mannitol,M2_N3_D1,44638.477
100,0.098,64,0,64,64,6.25,64,N3,L4+1,mannitol,M2_N3_D1,44638.477
101,0.488,45,8.602,31,52,21.973,225,N3,L4+1,mannitol,M2_N3_D1,44638.477
102,0.098,60,0,60,60,5.859,60,N3,L4+1,mannitol,M2_N3_D1,44638.477
103,0.195,50.5,2.121,49,52,9.863,101,N3,L4+1,mannitol,M2_N3_D1,44638.477
104,0.293,46.667,7.371,41,55,13.672,140,N3,L4+1,mannitol,M2_N3_D1,44638.477
105,0.098,46,0,46,46,4.492,46,N3,L4+1,mannitol,M2_N3_D1,44638.477
106,0.586,44.5,12.708,31,63,26.074,267,N3,L4+1,mannitol,M2_N3_D1,44638.477
107,0.195,60,7.071,55,65,11.719,120,N3,L4+1,mannitol,M2_N3_D1,44638.477
108,0.195,45.5,12.021,37,54,8.887,91,N3,L4+1,mannitol,M2_N3_D1,44638.477
109,0.293,44.333,12.055,33,57,12.988,133,N3,L4+1,mannitol,M2_N3_D1,44638.477
110,0.098,50,0,50,50,4.883,50,N3,L4+1,mannitol,M2_N3_D1,44638.477
111,0.195,57.5,9.192,51,64,11.23,115,N3,L4+1,mannitol,M2_N3_D1,44638.477
112,0.684,54.286,9.196,40,64,37.109,380,N3,L4+1,mannitol,M2_N3_D1,44638.477
113,0.684,64.143,1.464,63,66,43.848,449,N3,L4+1,mannitol,M2_N3_D1,44638.477
114,0.195,42.5,13.435,33,52,8.301,85,N3,L4+1,mannitol,M2_N3_D1,44638.477
115,0.195,52,11.314,44,60,10.156,104,N3,L4+1,mannitol,M2_N3_D1,44638.477
116,0.098,41,0,41,41,4.004,41,N3,L4+1,mannitol,M2_N3_D1,44638.477
117,0.293,39.333,1.528,38,41,11.523,118,N3,L4+1,mannitol,M2_N3_D1,44638.477
118,0.586,44.5,8.781,33,56,26.074,267,N3,L4+1,mannitol,M2_N3_D1,44638.477
119,0.195,34.5,6.364,30,39,6.738,69,N3,L4+1,mannitol,M2_N3_D1,44638.477
120,0.098,44,0,44,44,4.297,44,N3,L4+1,mannitol,M2_N3_D1,44638.477
121,0.098,64,0,64,64,6.25,64,N3,L4+1,mannitol,M2_N3_D1,44638.477
122,0.977,46.3,8.642,33,59,45.215,463,N3,L4+1,mannitol,M2_N3_D1,44638.477
123,0.098,52,0,52,52,5.078,52,N3,L4+1,mannitol,M2_N3_D1,44638.477
124,0.098,31,0,31,31,3.027,31,N3,L4+1,mannitol,M2_N3_D1,44638.477
125,0.195,52,14.142,42,62,10.156,104,N3,L4+1,mannitol,M2_N3_D1,44638.477
126,1.465,43.6,10.555,32,65,63.867,654,N3,L4+1,mannitol,M2_N3_D1,44638.477
127,0.195,48.5,12.021,40,57,9.473,97,N3,L4+1,mannitol,M2_N3_D1,44638.477
128,0.391,52.5,13.528,36,65,20.508,210,N3,L4+1,mannitol,M2_N3_D1,44638.477
129,0.098,32,0,32,32,3.125,32,N3,L4+1,mannitol,M2_N3_D1,44638.477
130,0.293,43.333,17.926,32,64,12.695,130,N3,L4+1,mannitol,M2_N3_D1,44638.477
131,0.098,32,0,32,32,3.125,32,N3,L4+1,mannitol,M2_N3_D1,44638.477
132,0.391,45.25,12.685,34,62,17.676,181,N3,L4+1,mannitol,M2_N3_D1,44638.477
133,0.781,46.125,7.338,31,57,36.035,369,N3,L4+1,mannitol,M2_N3_D1,44638.477
134,0.195,53,12.728,44,62,10.352,106,N3,L4+1,mannitol,M2_N3_D1,44638.477
135,0.098,65,0,65,65,6.348,65,N3,L4+1,mannitol,M2_N3_D1,44638.477
136,0.195,49.5,23.335,33,66,9.668,99,N3,L4+1,mannitol,M2_N3_D1,44638.477
137,0.098,65,0,65,65,6.348,65,N3,L4+1,mannitol,M2_N3_D1,44638.477
138,0.098,66,0,66,66,6.445,66,N3,L4+1,mannitol,M2_N3_D1,44638.477
139,0.391,36.25,4.349,30,40,14.16,145,N3,L4+1,mannitol,M2_N3_D1,44638.477
140,0.098,65,0,65,65,6.348,65,N3,L4+1,mannitol,M2_N3_D1,44638.477
141,0.098,66,0,66,66,6.445,66,N3,L4+1,mannitol,M2_N3_D1,44638.477
142,0.195,66,0,66,66,12.891,132,N3,L4+1,mannitol,M2_N3_D1,44638.477
143,0.195,63,0,63,63,12.305,126,N3,L4+1,mannitol,M2_N3_D1,44638.477
144,0.391,38.25,7.274,31,45,14.941,153,N3,L4+1,mannitol,M2_N3_D1,44638.477
145,0.098,30,0,30,30,2.93,30,N3,L4+1,mannitol,M2_N3_D1,44638.477
146,0.098,44,0,44,44,4.297,44,N3,L4+1,mannitol,M2_N3_D1,44638.477
147,0.098,65,0,65,65,6.348,65,N3,L4+1,mannitol,M2_N3_D1,44638.477
148,0.195,65.5,0.707,65,66,12.793,131,N3,L4+1,mannitol,M2_N3_D1,44638.477
149,0.098,64,0,64,64,6.25,64,N3,L4+1,mannitol,M2_N3_D1,44638.477
150,0.293,31.667,1.528,30,33,9.277,95,N3,L4+1,mannitol,M2_N3_D1,44638.477
151,0.098,63,0,63,63,6.152,63,N3,L4+1,mannitol,M2_N3_D1,44638.477
152,0.098,62,0,62,62,6.055,62,N3,L4+1,mannitol,M2_N3_D1,44638.477
153,0.098,30,0,30,30,2.93,30,N3,L4+1,mannitol,M2_N3_D1,44638.477
154,0.098,66,0,66,66,6.445,66,N3,L4+1,mannitol,M2_N3_D1,44638.477
155,0.293,65.333,0.577,65,66,19.141,196,N3,L4+1,mannitol,M2_N3_D1,44638.477
156,0.293,62,3,59,65,18.164,186,N3,L4+1,mannitol,M2_N3_D1,44638.477
157,0.098,63,0,63,63,6.152,63,N3,L4+1,mannitol,M2_N3_D1,44638.477
158,4.199,55.488,9.823,36,66,233.008,2386,N3,L4+1,mannitol,M2_N3_D1,44638.477
159,1.27,62.154,3.76,53,66,78.906,808,N3,L4+1,mannitol,M2_N3_D1,44638.477
160,0.391,39.5,10.247,30,54,15.43,158,N3,L4+1,mannitol,M2_N3_D1,44638.477
161,0.195,63.5,0.707,63,64,12.402,127,N3,L4+1,mannitol,M2_N3_D1,44638.477
162,0.684,46.857,9.737,34,56,32.031,328,N3,L4+1,mannitol,M2_N3_D1,44638.477
163,0.781,61.125,3.796,55,66,47.754,489,N3,L4+1,mannitol,M2_N3_D1,44638.477
164,0.098,32,0,32,32,3.125,32,N3,L4+1,mannitol,M2_N3_D1,44638.477
165,0.195,48,25.456,30,66,9.375,96,N3,L4+1,mannitol,M2_N3_D1,44638.477
166,0.488,63,3.742,57,66,30.762,315,N3,L4+1,mannitol,M2_N3_D1,44638.477
167,0.586,64.333,1.211,62,65,37.695,386,N3,L4+1,mannitol,M2_N3_D1,44638.477
168,0.098,66,0,66,66,6.445,66,N3,L4+1,mannitol,M2_N3_D1,44638.477
169,0.391,64.5,1.915,62,66,25.195,258,N3,L4+1,mannitol,M2_N3_D1,44638.477
170,0.098,65,0,65,65,6.348,65,N3,L4+1,mannitol,M2_N3_D1,44638.477
171,0.098,30,0,30,30,2.93,30,N3,L4+1,mannitol,M2_N3_D1,44638.477
172,0.098,65,0,65,65,6.348,65,N3,L4+1,mannitol,M2_N3_D1,44638.477
173,0.195,64,0,64,64,12.5,128,N3,L4+1,mannitol,M2_N3_D1,44638.477
174,0.195,64.5,0.707,64,65,12.598,129,N3,L4+1,mannitol,M2_N3_D1,44638.477
175,0.098,62,0,62,62,6.055,62,N3,L4+1,mannitol,M2_N3_D1,44638.477
176,2.832,61.207,3.783,51,66,173.34,1775,N3,L4+1,mannitol,M2_N3_D1,44638.477
177,0.098,33,0,33,33,3.223,33,N3,L4+1,mannitol,M2_N3_D1,44638.477
178,0.293,65.333,1.155,64,66,19.141,196,N3,L4+1,mannitol,M2_N3_D1,44638.477
179,0.098,66,0,66,66,6.445,66,N3,L4+1,mannitol,M2_N3_D1,44638.477
180,0.195,50.5,14.849,40,61,9.863,101,N3,L4+1,mannitol,M2_N3_D1,44638.477
181,0.098,66,0,66,66,6.445,66,N3,L4+1,mannitol,M2_N3_D1,44638.477
182,0.391,51.5,11.03,38,61,20.117,206,N3,L4+1,mannitol,M2_N3_D1,44638.477
183,0.098,66,0,66,66,6.445,66,N3,L4+1,mannitol,M2_N3_D1,44638.477
184,1.66,49.588,10.805,32,58,82.324,843,N3,L4+1,mannitol,M2_N3_D1,44638.477
185,0.098,66,0,66,66,6.445,66,N3,L4+1,mannitol,M2_N3_D1,44638.477
186,0.195,54,7.071,49,59,10.547,108,N3,L4+1,mannitol,M2_N3_D1,44638.477
187,2.246,48.043,13.326,30,64,107.91,1105,N3,L4+1,mannitol,M2_N3_D1,44638.477
188,0.488,53.8,11.278,34,60,26.27,269,N3,L4+1,mannitol,M2_N3_D1,44638.477
189,0.195,35,4.243,32,38,6.836,70,N3,L4+1,mannitol,M2_N3_D1,44638.477
190,0.293,35,6.083,31,42,10.254,105,N3,L4+1,mannitol,M2_N3_D1,44638.477
191,0.098,65,0,65,65,6.348,65,N3,L4+1,mannitol,M2_N3_D1,44638.477
192,0.098,30,0,30,30,2.93,30,N3,L4+1,mannitol,M2_N3_D1,44638.477
193,0.098,48,0,48,48,4.688,48,N3,L4+1,mannitol,M2_N3_D1,44638.477
194,0.098,31,0,31,31,3.027,31,N3,L4+1,mannitol,M2_N3_D1,44638.477
195,0.098,47,0,47,47,4.59,47,N3,L4+1,mannitol,M2_N3_D1,44638.477
196,0.098,30,0,30,30,2.93,30,N3,L4+1,mannitol,M2_N3_D1,44638.477
197,0.098,66,0,66,66,6.445,66,N3,L4+1,mannitol,M2_N3_D1,44638.477
198,0.098,30,0,30,30,2.93,30,N3,L4+1,mannitol,M2_N3_D1,44638.477
199,0.098,31,0,31,31,3.027,31,N3,L4+1,mannitol,M2_N3_D1,44638.477
200,0.195,54.5,9.192,48,61,10.645,109,N3,L4+1,mannitol,M2_N3_D1,44638.477
201,0.293,64.667,2.309,62,66,18.945,194,N3,L4+1,mannitol,M2_N3_D1,44638.477
202,0.977,63.7,1.829,60,66,62.207,637,N3,L4+1,mannitol,M2_N3_D1,44638.477
203,0.391,64.5,0.577,64,65,25.195,258,N3,L4+1,mannitol,M2_N3_D1,44638.477
204,0.391,44.5,15,30,64,17.383,178,N3,L4+1,mannitol,M2_N3_D1,44638.477
205,0.098,31,0,31,31,3.027,31,N3,L4+1,mannitol,M2_N3_D1,44638.477
206,0.293,36.667,6.351,33,44,10.742,110,N3,L4+1,mannitol,M2_N3_D1,44638.477
207,0.195,32.5,3.536,30,35,6.348,65,N3,L4+1,mannitol,M2_N3_D1,44638.477
208,2.246,56.957,12.463,31,66,127.93,1310,N3,L4+1,mannitol,M2_N3_D1,44638.477
209,0.195,39,2.828,37,41,7.617,78,N3,L4+1,mannitol,M2_N3_D1,44638.477
210,0.195,40,1.414,39,41,7.812,80,N3,L4+1,mannitol,M2_N3_D1,44638.477
211,0.098,31,0,31,31,3.027,31,N3,L4+1,mannitol,M2_N3_D1,44638.477
212,0.098,32,0,32,32,3.125,32,N3,L4+1,mannitol,M2_N3_D1,44638.477
213,0.293,44.333,5.508,39,50,12.988,133,N3,L4+1,mannitol,M2_N3_D1,44638.477
214,0.781,49.5,11.097,33,65,38.672,396,N3,L4+1,mannitol,M2_N3_D1,44638.477
215,0.098,34,0,34,34,3.32,34,N3,L4+1,mannitol,M2_N3_D1,44638.477
216,0.195,36.5,9.192,30,43,7.129,73,N3,L4+1,mannitol,M2_N3_D1,44638.477
217,0.586,40.5,10.33,30,53,23.73,243,N3,L4+1,mannitol,M2_N3_D1,44638.477
218,0.195,35.5,3.536,33,38,6.934,71,N3,L4+1,mannitol,M2_N3_D1,44638.477
219,0.098,36,0,36,36,3.516,36,N3,L4+1,mannitol,M2_N3_D1,44638.477
220,3.516,60.722,3.36,54,66,213.477,2186,N3,L4+1,mannitol,M2_N3_D1,44638.477
221,3.027,39.613,10.311,30,66,119.922,1228,N3,L4+1,mannitol,M2_N3_D1,44638.477
222,0.098,66,0,66,66,6.445,66,N3,L4+1,mannitol,M2_N3_D1,44638.477
223,2.539,36.308,4.773,30,49,92.188,944,N3,L4+1,mannitol,M2_N3_D1,44638.477
224,0.293,37.667,6.429,33,45,11.035,113,N3,L4+1,mannitol,M2_N3_D1,44638.477
225,1.465,44.733,12.157,30,66,65.527,671,N3,L4+1,mannitol,M2_N3_D1,44638.477
226,0.195,34.5,2.121,33,36,6.738,69,N3,L4+1,mannitol,M2_N3_D1,44638.477
227,0.293,43.333,5.859,39,50,12.695,130,N3,L4+1,mannitol,M2_N3_D1,44638.477
228,0.098,30,0,30,30,2.93,30,N3,L4+1,mannitol,M2_N3_D1,44638.477
229,0.293,40.333,6.11,35,47,11.816,121,N3,L4+1,mannitol,M2_N3_D1,44638.477
230,0.293,42.667,5.508,39,49,12.5,128,N3,L4+1,mannitol,M2_N3_D1,44638.477
231,0.293,41,4.359,38,46,12.012,123,N3,L4+1,mannitol,M2_N3_D1,44638.477
232,13.574,44.612,7.813,30,62,605.566,6201,N3,L4+1,mannitol,M2_N3_D1,44638.477
233,0.391,38.75,6.185,35,48,15.137,155,N3,L4+1,mannitol,M2_N3_D1,44638.477
234,0.977,47.2,9.461,34,63,46.094,472,N3,L4+1,mannitol,M2_N3_D1,44638.477
235,0.195,37.5,3.536,35,40,7.324,75,N3,L4+1,mannitol,M2_N3_D1,44638.477
236,0.098,35,0,35,35,3.418,35,N3,L4+1,mannitol,M2_N3_D1,44638.477
237,0.098,65,0,65,65,6.348,65,N3,L4+1,mannitol,M2_N3_D1,44638.477
238,0.098,31,0,31,31,3.027,31,N3,L4+1,mannitol,M2_N3_D1,44638.477
239,0.195,31,0,31,31,6.055,62,N3,L4+1,mannitol,M2_N3_D1,44638.477
240,0.195,36.5,2.121,35,38,7.129,73,N3,L4+1,mannitol,M2_N3_D1,44638.477
241,0.098,30,0,30,30,2.93,30,N3,L4+1,mannitol,M2_N3_D1,44638.477
242,0.195,64,0,64,64,12.5,128,N3,L4+1,mannitol,M2_N3_D1,44638.477
243,0.293,47.667,8.963,42,58,13.965,143,N3,L4+1,mannitol,M2_N3_D1,44638.477
244,0.098,41,0,41,41,4.004,41,N3,L4+1,mannitol,M2_N3_D1,44638.477
245,0.391,37.5,7.594,30,48,14.648,150,N3,L4+1,mannitol,M2_N3_D1,44638.477
246,0.098,66,0,66,66,6.445,66,N3,L4+1,mannitol,M2_N3_D1,44638.477
247,0.195,32.5,2.121,31,34,6.348,65,N3,L4+1,mannitol,M2_N3_D1,44638.477
248,0.098,31,0,31,31,3.027,31,N3,L4+1,mannitol,M2_N3_D1,44638.477
249,0.195,65,1.414,64,66,12.695,130,N3,L4+1,mannitol,M2_N3_D1,44638.477
250,0.098,66,0,66,66,6.445,66,N3,L4+1,mannitol,M2_N3_D1,44638.477
251,0.098,66,0,66,66,6.445,66,N3,L4+1,mannitol,M2_N3_D1,44638.477
252,0.195,30.5,0.707,30,31,5.957,61,N3,L4+1,mannitol,M2_N3_D1,44638.477
253,0.098,64,0,64,64,6.25,64,N3,L4+1,mannitol,M2_N3_D1,44638.477
254,0.098,30,0,30,30,2.93,30,N3,L4+1,mannitol,M2_N3_D1,44638.477
255,0.098,65,0,65,65,6.348,65,N3,L4+1,mannitol,M2_N3_D1,44638.477
256,0.293,65.333,1.155,64,66,19.141,196,N3,L4+1,mannitol,M2_N3_D1,44638.477
257,0.391,35.25,4.787,30,41,13.77,141,N3,L4+1,mannitol,M2_N3_D1,44638.477
258,0.391,32.75,2.872,31,37,12.793,131,N3,L4+1,mannitol,M2_N3_D1,44638.477
259,0.195,32,2.828,30,34,6.25,64,N3,L4+1,mannitol,M2_N3_D1,44638.477
260,0.098,30,0,30,30,2.93,30,N3,L4+1,mannitol,M2_N3_D1,44638.477
261,0.684,37.429,6.901,31,49,25.586,262,N3,L4+1,mannitol,M2_N3_D1,44638.477
262,0.781,64.625,1.302,63,66,50.488,517,N3,L4+1,mannitol,M2_N3_D1,44638.477
263,0.684,39.143,6.962,30,46,26.758,274,N3,L4+1,mannitol,M2_N3_D1,44638.477
264,0.488,33.2,3.768,30,39,16.211,166,N3,L4+1,mannitol,M2_N3_D1,44638.477
265,0.488,45.2,11.476,36,65,22.07,226,N3,L4+1,mannitol,M2_N3_D1,44638.477
266,0.293,31.667,2.082,30,34,9.277,95,N3,L4+1,mannitol,M2_N3_D1,44638.477
267,0.195,39.5,3.536,37,42,7.715,79,N3,L4+1,mannitol,M2_N3_D1,44638.477
268,0.391,51.5,9.037,38,57,20.117,206,N3,L4+1,mannitol,M2_N3_D1,44638.477
269,0.098,30,0,30,30,2.93,30,N3,L4+1,mannitol,M2_N3_D1,44638.477
270,0.195,43.5,3.536,41,46,8.496,87,N3,L4+1,mannitol,M2_N3_D1,44638.477
271,0.684,33,3.512,30,39,22.559,231,N3,L4+1,mannitol,M2_N3_D1,44638.477
272,0.098,66,0,66,66,6.445,66,N3,L4+1,mannitol,M2_N3_D1,44638.477
273,0.098,30,0,30,30,2.93,30,N3,L4+1,mannitol,M2_N3_D1,44638.477
274,0.293,46,4.359,41,49,13.477,138,N3,L4+1,mannitol,M2_N3_D1,44638.477
275,0.195,50,7.071,45,55,9.766,100,N3,L4+1,mannitol,M2_N3_D1,44638.477
276,0.098,33,0,33,33,3.223,33,N3,L4+1,mannitol,M2_N3_D1,44638.477
277,0.098,30,0,30,30,2.93,30,N3,L4+1,mannitol,M2_N3_D1,44638.477
278,0.488,46.4,11.992,36,65,22.656,232,N3,L4+1,mannitol,M2_N3_D1,44638.477
279,0.098,66,0,66,66,6.445,66,N3,L4+1,mannitol,M2_N3_D1,44638.477
280,0.098,65,0,65,65,6.348,65,N3,L4+1,mannitol,M2_N3_D1,44638.477
281,0.293,61,6.245,54,66,17.871,183,N3,L4+1,mannitol,M2_N3_D1,44638.477
282,0.098,31,0,31,31,3.027,31,N3,L4+1,mannitol,M2_N3_D1,44638.477
283,0.098,63,0,63,63,6.152,63,N3,L4+1,mannitol,M2_N3_D1,44638.477
284,0.098,37,0,37,37,3.613,37,N3,L4+1,mannitol,M2_N3_D1,44638.477
285,0.293,57.667,7.506,50,65,16.895,173,N3,L4+1,mannitol,M2_N3_D1,44638.477
286,1.465,55.867,11.281,31,66,81.836,838,N3,L4+1,mannitol,M2_N3_D1,44638.477
287,0.098,31,0,31,31,3.027,31,N3,L4+1,mannitol,M2_N3_D1,44638.477
288,0.098,32,0,32,32,3.125,32,N3,L4+1,mannitol,M2_N3_D1,44638.477
289,0.098,60,0,60,60,5.859,60,N3,L4+1,mannitol,M2_N3_D1,44638.477
290,0.684,62.286,3.638,57,66,42.578,436,N3,L4+1,mannitol,M2_N3_D1,44638.477
291,0.293,31,1,30,32,9.082,93,N3,L4+1,mannitol,M2_N3_D1,44638.477
292,0.098,65,0,65,65,6.348,65,N3,L4+1,mannitol,M2_N3_D1,44638.477
293,3.516,58.5,5.542,42,66,205.664,2106,N3,L4+1,mannitol,M2_N3_D1,44638.477
294,0.098,65,0,65,65,6.348,65,N3,L4+1,mannitol,M2_N3_D1,44638.477
295,0.098,60,0,60,60,5.859,60,N3,L4+1,mannitol,M2_N3_D1,44638.477
296,0.098,61,0,61,61,5.957,61,N3,L4+1,mannitol,M2_N3_D1,44638.477
297,0.195,34,0,34,34,6.641,68,N3,L4+1,mannitol,M2_N3_D1,44638.477
298,0.098,62,0,62,62,6.055,62,N3,L4+1,mannitol,M2_N3_D1,44638.477
299,0.098,66,0,66,66,6.445,66,N3,L4+1,mannitol,M2_N3_D1,44638.477
300,0.098,63,0,63,63,6.152,63,N3,L4+1,mannitol,M2_N3_D1,44638.477
301,0.391,62.5,2.517,59,65,24.414,250,N3,L4+1,mannitol,M2_N3_D1,44638.477
302,0.195,65,1.414,64,66,12.695,130,N3,L4+1,mannitol,M2_N3_D1,44638.477
303,0.098,66,0,66,66,6.445,66,N3,L4+1,mannitol,M2_N3_D1,44638.477
304,0.098,63,0,63,63,6.152,63,N3,L4+1,mannitol,M2_N3_D1,44638.477
305,0.195,34.5,0.707,34,35,6.738,69,N3,L4+1,mannitol,M2_N3_D1,44638.477
306,0.684,56.857,7.925,44,66,38.867,398,N3,L4+1,mannitol,M2_N3_D1,44638.477
307,0.098,62,0,62,62,6.055,62,N3,L4+1,mannitol,M2_N3_D1,44638.477
308,0.488,42.4,6.107,34,51,20.703,212,N3,L4+1,mannitol,M2_N3_D1,44638.477
309,0.098,34,0,34,34,3.32,34,N3,L4+1,mannitol,M2_N3_D1,44638.477
310,1.855,56.211,5.432,49,65,104.297,1068,N3,L4+1,mannitol,M2_N3_D1,44638.477
311,0.098,64,0,64,64,6.25,64,N3,L4+1,mannitol,M2_N3_D1,44638.477
312,0.098,45,0,45,45,4.395,45,N3,L4+1,mannitol,M2_N3_D1,44638.477
313,0.098,64,0,64,64,6.25,64,N3,L4+1,mannitol,M2_N3_D1,44638.477
314,0.098,64,0,64,64,6.25,64,N3,L4+1,mannitol,M2_N3_D1,44638.477
315,0.195,63.5,0.707,63,64,12.402,127,N3,L4+1,mannitol,M2_N3_D1,44638.477
316,1.074,58,6.356,45,66,62.305,638,N3,L4+1,mannitol,M2_N3_D1,44638.477
317,3.418,57.914,4.749,49,66,197.949,2027,N3,L4+1,mannitol,M2_N3_D1,44638.477
318,0.195,52,16.971,40,64,10.156,104,N3,L4+1,mannitol,M2_N3_D1,44638.477
319,0.098,31,0,31,31,3.027,31,N3,L4+1,mannitol,M2_N3_D1,44638.477
320,0.195,56,8.485,50,62,10.938,112,N3,L4+1,mannitol,M2_N3_D1,44638.477
321,0.684,61,3,57,65,41.699,427,N3,L4+1,mannitol,M2_N3_D1,44638.477
322,0.488,42.8,6.611,35,52,20.898,214,N3,L4+1,mannitol,M2_N3_D1,44638.477
323,0.098,66,0,66,66,6.445,66,N3,L4+1,mannitol,M2_N3_D1,44638.477
324,0.195,63.5,3.536,61,66,12.402,127,N3,L4+1,mannitol,M2_N3_D1,44638.477
325,0.098,64,0,64,64,6.25,64,N3,L4+1,mannitol,M2_N3_D1,44638.477
326,0.098,30,0,30,30,2.93,30,N3,L4+1,mannitol,M2_N3_D1,44638.477
327,0.195,56,9.899,49,63,10.938,112,N3,L4+1,mannitol,M2_N3_D1,44638.477
328,0.781,49.375,9.591,38,66,38.574,395,N3,L4+1,mannitol,M2_N3_D1,44638.477
329,0.098,66,0,66,66,6.445,66,N3,L4+1,mannitol,M2_N3_D1,44638.477
330,1.172,59.333,2.839,54,62,69.531,712,N3,L4+1,mannitol,M2_N3_D1,44638.477
331,0.098,34,0,34,34,3.32,34,N3,L4+1,mannitol,M2_N3_D1,44638.477
332,0.098,65,0,65,65,6.348,65,N3,L4+1,mannitol,M2_N3_D1,44638.477
333,0.098,64,0,64,64,6.25,64,N3,L4+1,mannitol,M2_N3_D1,44638.477
334,0.098,65,0,65,65,6.348,65,N3,L4+1,mannitol,M2_N3_D1,44638.477
335,0.977,48.7,10.74,32,59,47.559,487,N3,L4+1,mannitol,M2_N3_D1,44638.477
336,0.391,37.5,7,30,46,14.648,150,N3,L4+1,mannitol,M2_N3_D1,44638.477
337,0.293,59.667,4.726,56,65,17.48,179,N3,L4+1,mannitol,M2_N3_D1,44638.477
338,0.098,38,0,38,38,3.711,38,N3,L4+1,mannitol,M2_N3_D1,44638.477
339,0.586,55.333,6.314,46,62,32.422,332,N3,L4+1,mannitol,M2_N3_D1,44638.477
340,0.879,59.556,5.053,52,65,52.344,536,N3,L4+1,mannitol,M2_N3_D1,44638.477
341,0.391,43.25,10.782,31,55,16.895,173,N3,L4+1,mannitol,M2_N3_D1,44638.477
342,0.195,64,0,64,64,12.5,128,N3,L4+1,mannitol,M2_N3_D1,44638.477
343,0.781,57.625,6.927,45,65,45.02,461,N3,L4+1,mannitol,M2_N3_D1,44638.477
344,0.293,51.333,2.517,49,54,15.039,154,N3,L4+1,mannitol,M2_N3_D1,44638.477
345,0.391,59,3.162,56,63,23.047,236,N3,L4+1,mannitol,M2_N3_D1,44638.477
346,0.293,44.333,12.342,34,58,12.988,133,N3,L4+1,mannitol,M2_N3_D1,44638.477
347,0.098,63,0,63,63,6.152,63,N3,L4+1,mannitol,M2_N3_D1,44638.477
348,0.098,30,0,30,30,2.93,30,N3,L4+1,mannitol,M2_N3_D1,44638.477
349,0.195,55,9.899,48,62,10.742,110,N3,L4+1,mannitol,M2_N3_D1,44638.477
350,0.098,62,0,62,62,6.055,62,N3,L4+1,mannitol,M2_N3_D1,44638.477
351,0.488,60.4,2.702,57,63,29.492,302,N3,L4+1,mannitol,M2_N3_D1,44638.477
352,0.098,57,0,57,57,5.566,57,N3,L4+1,mannitol,M2_N3_D1,44638.477
353,0.098,57,0,57,57,5.566,57,N3,L4+1,mannitol,M2_N3_D1,44638.477
354,0.195,34.5,0.707,34,35,6.738,69,N3,L4+1,mannitol,M2_N3_D1,44638.477
355,0.195,55,9.899,48,62,10.742,110,N3,L4+1,mannitol,M2_N3_D1,44638.477
356,1.367,38.214,5.508,30,48,52.246,535,N3,L4+1,mannitol,M2_N3_D1,44638.477
357,0.098,42,0,42,42,4.102,42,N3,L4+1,mannitol,M2_N3_D1,44638.477
358,0.195,57.5,10.607,50,65,11.23,115,N3,L4+1,mannitol,M2_N3_D1,44638.477
359,0.781,49.875,9.862,34,64,38.965,399,N3,L4+1,mannitol,M2_N3_D1,44638.477
360,0.098,64,0,64,64,6.25,64,N3,L4+1,mannitol,M2_N3_D1,44638.477
361,0.098,38,0,38,38,3.711,38,N3,L4+1,mannitol,M2_N3_D1,44638.477
362,0.781,53.375,11.275,30,66,41.699,427,N3,L4+1,mannitol,M2_N3_D1,44638.477
363,0.293,62.333,3.786,58,65,18.262,187,N3,L4+1,mannitol,M2_N3_D1,44638.477
364,0.098,65,0,65,65,6.348,65,N3,L4+1,mannitol,M2_N3_D1,44638.477
365,0.195,64,2.828,62,66,12.5,128,N3,L4+1,mannitol,M2_N3_D1,44638.477
366,0.098,30,0,30,30,2.93,30,N3,L4+1,mannitol,M2_N3_D1,44638.477
367,0.391,42.5,9.256,35,56,16.602,170,N3,L4+1,mannitol,M2_N3_D1,44638.477
368,0.195,59.5,0.707,59,60,11.621,119,N3,L4+1,mannitol,M2_N3_D1,44638.477
369,0.098,40,0,40,40,3.906,40,N3,L4+1,mannitol,M2_N3_D1,44638.477
370,0.195,56,1.414,55,57,10.938,112,N3,L4+1,mannitol,M2_N3_D1,44638.477
371,0.488,41.4,3.209,39,47,20.215,207,N3,L4+1,mannitol,M2_N3_D1,44638.477
372,0.977,62.5,2.506,58,65,61.035,625,N3,L4+1,mannitol,M2_N3_D1,44638.477
373,0.195,33,0,33,33,6.445,66,N3,L4+1,mannitol,M2_N3_D1,44638.477
374,0.098,31,0,31,31,3.027,31,N3,L4+1,mannitol,M2_N3_D1,44638.477
375,0.098,30,0,30,30,2.93,30,N3,L4+1,mannitol,M2_N3_D1,44638.477
376,0.098,65,0,65,65,6.348,65,N3,L4+1,mannitol,M2_N3_D1,44638.477
377,1.855,44.158,9.651,30,62,81.934,839,N3,L4+1,mannitol,M2_N3_D1,44638.477
378,0.977,42.4,8.058,31,55,41.406,424,N3,L4+1,mannitol,M2_N3_D1,44638.477
379,0.098,38,0,38,38,3.711,38,N3,L4+1,mannitol,M2_N3_D1,44638.477
380,0.098,65,0,65,65,6.348,65,N3,L4+1,mannitol,M2_N3_D1,44638.477
381,0.098,64,0,64,64,6.25,64,N3,L4+1,mannitol,M2_N3_D1,44638.477
382,0.195,56,4.243,53,59,10.938,112,N3,L4+1,mannitol,M2_N3_D1,44638.477
383,2.051,36.476,4.468,30,44,74.805,766,N3,L4+1,mannitol,M2_N3_D1,44638.477
384,2.051,57.714,4.703,50,66,118.359,1212,N3,L4+1,mannitol,M2_N3_D1,44638.477
385,0.684,41.286,8.44,33,55,28.223,289,N3,L4+1,mannitol,M2_N3_D1,44638.477
386,0.098,66,0,66,66,6.445,66,N3,L4+1,mannitol,M2_N3_D1,44638.477
387,0.098,39,0,39,39,3.809,39,N3,L4+1,mannitol,M2_N3_D1,44638.477
388,0.977,38.3,6.75,30,54,37.402,383,N3,L4+1,mannitol,M2_N3_D1,44638.477
389,0.098,63,0,63,63,6.152,63,N3,L4+1,mannitol,M2_N3_D1,44638.477
390,0.098,33,0,33,33,3.223,33,N3,L4+1,mannitol,M2_N3_D1,44638.477
391,0.879,62.667,2.55,59,66,55.078,564,N3,L4+1,mannitol,M2_N3_D1,44638.477
392,0.098,37,0,37,37,3.613,37,N3,L4+1,mannitol,M2_N3_D1,44638.477
393,0.098,62,0,62,62,6.055,62,N3,L4+1,mannitol,M2_N3_D1,44638.477
394,0.098,30,0,30,30,2.93,30,N3,L4+1,mannitol,M2_N3_D1,44638.477
395,0.098,62,0,62,62,6.055,62,N3,L4+1,mannitol,M2_N3_D1,44638.477
396,1.367,60.357,4.584,50,66,82.52,845,N3,L4+1,mannitol,M2_N3_D1,44638.477
397,0.684,39.143,8.214,30,48,26.758,274,N3,L4+1,mannitol,M2_N3_D1,44638.477
398,0.195,50,16.971,38,62,9.766,100,N3,L4+1,mannitol,M2_N3_D1,44638.477
399,0.879,57.778,7.629,46,66,50.781,520,N3,L4+1,mannitol,M2_N3_D1,44638.477
400,0.391,62.25,0.957,61,63,24.316,249,N3,L4+1,mannitol,M2_N3_D1,44638.477
401,5.371,50.109,8.751,30,65,269.141,2756,N3,L4+1,mannitol,M2_N3_D1,44638.477
402,0.195,65,0,65,65,12.695,130,N3,L4+1,mannitol,M2_N3_D1,44638.477
403,0.098,62,0,62,62,6.055,62,N3,L4+1,mannitol,M2_N3_D1,44638.477
404,0.195,42,9.899,35,49,8.203,84,N3,L4+1,mannitol,M2_N3_D1,44638.477
405,0.098,57,0,57,57,5.566,57,N3,L4+1,mannitol,M2_N3_D1,44638.477
406,6.836,44.329,8.435,30,63,303.027,3103,N3,L4+1,mannitol,M2_N3_D1,44638.477
407,0.488,63.8,1.924,61,66,31.152,319,N3,L4+1,mannitol,M2_N3_D1,44638.477
408,0.781,62.875,2.642,59,66,49.121,503,N3,L4+1,mannitol,M2_N3_D1,44638.477
409,0.098,65,0,65,65,6.348,65,N3,L4+1,mannitol,M2_N3_D1,44638.477
410,0.098,35,0,35,35,3.418,35,N3,L4+1,mannitol,M2_N3_D1,44638.477
411,0.195,49.5,9.192,43,56,9.668,99,N3,L4+1,mannitol,M2_N3_D1,44638.477
412,0.098,65,0,65,65,6.348,65,N3,L4+1,mannitol,M2_N3_D1,44638.477
413,1.074,46,10.742,30,57,49.414,506,N3,L4+1,mannitol,M2_N3_D1,44638.477
414,0.098,31,0,31,31,3.027,31,N3,L4+1,mannitol,M2_N3_D1,44638.477
415,0.098,43,0,43,43,4.199,43,N3,L4+1,mannitol,M2_N3_D1,44638.477
416,0.293,54.333,4.041,52,59,15.918,163,N3,L4+1,mannitol,M2_N3_D1,44638.477
417,2.148,37.409,6.17,31,52,80.371,823,N3,L4+1,mannitol,M2_N3_D1,44638.477
418,0.098,35,0,35,35,3.418,35,N3,L4+1,mannitol,M2_N3_D1,44638.477
419,1.074,49.455,13.852,30,66,53.125,544,N3,L4+1,mannitol,M2_N3_D1,44638.477
420,0.391,43,8.287,37,55,16.797,172,N3,L4+1,mannitol,M2_N3_D1,44638.477
421,0.098,64,0,64,64,6.25,64,N3,L4+1,mannitol,M2_N3_D1,44638.477
422,1.27,37.385,6.838,31,53,47.461,486,N3,L4+1,mannitol,M2_N3_D1,44638.477
423,0.098,30,0,30,30,2.93,30,N3,L4+1,mannitol,M2_N3_D1,44638.477
424,0.098,37,0,37,37,3.613,37,N3,L4+1,mannitol,M2_N3_D1,44638.477
425,0.098,30,0,30,30,2.93,30,N3,L4+1,mannitol,M2_N3_D1,44638.477
426,0.098,54,0,54,54,5.273,54,N3,L4+1,mannitol,M2_N3_D1,44638.477
427,0.098,38,0,38,38,3.711,38,N3,L4+1,mannitol,M2_N3_D1,44638.477
428,0.098,53,0,53,53,5.176,53,N3,L4+1,mannitol,M2_N3_D1,44638.477
429,0.293,57.667,10.97,45,64,16.895,173,N3,L4+1,mannitol,M2_N3_D1,44638.477
430,0.098,31,0,31,31,3.027,31,N3,L4+1,mannitol,M2_N3_D1,44638.477
431,0.781,38.75,9.953,30,54,30.273,310,N3,L4+1,mannitol,M2_N3_D1,44638.477
432,0.195,34,0,34,34,6.641,68,N3,L4+1,mannitol,M2_N3_D1,44638.477
433,0.098,65,0,65,65,6.348,65,N3,L4+1,mannitol,M2_N3_D1,44638.477
434,1.367,45.5,10.79,30,63,62.207,637,N3,L4+1,mannitol,M2_N3_D1,44638.477
435,0.098,63,0,63,63,6.152,63,N3,L4+1,mannitol,M2_N3_D1,44638.477
436,0.195,42.5,16.263,31,54,8.301,85,N3,L4+1,mannitol,M2_N3_D1,44638.477
437,0.195,39,2.828,37,41,7.617,78,N3,L4+1,mannitol,M2_N3_D1,44638.477
438,0.098,40,0,40,40,3.906,40,N3,L4+1,mannitol,M2_N3_D1,44638.477
439,0.391,42,11.284,31,56,16.406,168,N3,L4+1,mannitol,M2_N3_D1,44638.477
440,0.391,45.25,10.72,31,54,17.676,181,N3,L4+1,mannitol,M2_N3_D1,44638.477
441,0.098,46,0,46,46,4.492,46,N3,L4+1,mannitol,M2_N3_D1,44638.477
442,0.293,49.333,3.786,45,52,14.453,148,N3,L4+1,mannitol,M2_N3_D1,44638.477
443,0.195,62.5,0.707,62,63,12.207,125,N3,L4+1,mannitol,M2_N3_D1,44638.477
444,0.586,42.667,11.759,31,59,25,256,N3,L4+1,mannitol,M2_N3_D1,44638.477
445,0.098,62,0,62,62,6.055,62,N3,L4+1,mannitol,M2_N3_D1,44638.477
446,0.098,51,0,51,51,4.98,51,N3,L4+1,mannitol,M2_N3_D1,44638.477
447,0.098,65,0,65,65,6.348,65,N3,L4+1,mannitol,M2_N3_D1,44638.477
448,0.098,63,0,63,63,6.152,63,N3,L4+1,mannitol,M2_N3_D1,44638.477
449,0.195,63,1.414,62,64,12.305,126,N3,L4+1,mannitol,M2_N3_D1,44638.477
450,0.098,55,0,55,55,5.371,55,N3,L4+1,mannitol,M2_N3_D1,44638.477
451,0.391,63,1.414,61,64,24.609,252,N3,L4+1,mannitol,M2_N3_D1,44638.477
452,0.488,63.2,2.775,59,66,30.859,316,N3,L4+1,mannitol,M2_N3_D1,44638.477
453,0.195,62,1.414,61,63,12.109,124,N3,L4+1,mannitol,M2_N3_D1,44638.477
454,0.098,65,0,65,65,6.348,65,N3,L4+1,mannitol,M2_N3_D1,44638.477
455,0.098,66,0,66,66,6.445,66,N3,L4+1,mannitol,M2_N3_D1,44638.477
456,0.098,66,0,66,66,6.445,66,N3,L4+1,mannitol,M2_N3_D1,44638.477
457,0.098,57,0,57,57,5.566,57,N3,L4+1,mannitol,M2_N3_D1,44638.477
458,0.098,63,0,63,63,6.152,63,N3,L4+1,mannitol,M2_N3_D1,44638.477
459,0.098,64,0,64,64,6.25,64,N3,L4+1,mannitol,M2_N3_D1,44638.477
460,0.195,39.5,7.778,34,45,7.715,79,N3,L4+1,mannitol,M2_N3_D1,44638.477
461,0.098,66,0,66,66,6.445,66,N3,L4+1,mannitol,M2_N3_D1,44638.477
462,0.293,64.333,0.577,64,65,18.848,193,N3,L4+1,mannitol,M2_N3_D1,44638.477
463,0.195,54,15.556,43,65,10.547,108,N3,L4+1,mannitol,M2_N3_D1,44638.477
464,0.684,62.143,3.024,57,66,42.48,435,N3,L4+1,mannitol,M2_N3_D1,44638.477
465,0.098,60,0,60,60,5.859,60,N3,L4+1,mannitol,M2_N3_D1,44638.477
466,0.098,64,0,64,64,6.25,64,N3,L4+1,mannitol,M2_N3_D1,44638.477
467,0.977,50.3,10.74,30,65,49.121,503,N3,L4+1,mannitol,M2_N3_D1,44638.477
468,0.098,46,0,46,46,4.492,46,N3,L4+1,mannitol,M2_N3_D1,44638.477
469,2.832,52.483,8.991,34,66,148.633,1522,N3,L4+1,mannitol,M2_N3_D1,44638.477
470,0.098,65,0,65,65,6.348,65,N3,L4+1,mannitol,M2_N3_D1,44638.477
471,0.098,63,0,63,63,6.152,63,N3,L4+1,mannitol,M2_N3_D1,44638.477
472,0.098,66,0,66,66,6.445,66,N3,L4+1,mannitol,M2_N3_D1,44638.477
473,0.098,64,0,64,64,6.25,64,N3,L4+1,mannitol,M2_N3_D1,44638.477
474,0.098,62,0,62,62,6.055,62,N3,L4+1,mannitol,M2_N3_D1,44638.477
475,0.098,56,0,56,56,5.469,56,N3,L4+1,mannitol,M2_N3_D1,44638.477
476,0.098,64,0,64,64,6.25,64,N3,L4+1,mannitol,M2_N3_D1,44638.477
477,0.098,65,0,65,65,6.348,65,N3,L4+1,mannitol,M2_N3_D1,44638.477
478,0.098,66,0,66,66,6.445,66,N3,L4+1,mannitol,M2_N3_D1,44638.477
479,2.734,49.107,9.597,30,64,134.277,1375,N3,L4+1,mannitol,M2_N3_D1,44638.477
480,1.172,58,7.604,42,65,67.969,696,N3,L4+1,mannitol,M2_N3_D1,44638.477
481,0.195,37.5,4.95,34,41,7.324,75,N3,L4+1,mannitol,M2_N3_D1,44638.477
482,0.195,63,1.414,62,64,12.305,126,N3,L4+1,mannitol,M2_N3_D1,44638.477
483,0.879,58.333,4.555,53,66,51.27,525,N3,L4+1,mannitol,M2_N3_D1,44638.477
484,0.098,66,0,66,66,6.445,66,N3,L4+1,mannitol,M2_N3_D1,44638.477
485,0.293,64.667,0.577,64,65,18.945,194,N3,L4+1,mannitol,M2_N3_D1,44638.477
486,0.195,62,1.414,61,63,12.109,124,N3,L4+1,mannitol,M2_N3_D1,44638.477
487,0.098,56,0,56,56,5.469,56,N3,L4+1,mannitol,M2_N3_D1,44638.477
488,0.195,61.5,0.707,61,62,12.012,123,N3,L4+1,mannitol,M2_N3_D1,44638.477
489,0.098,66,0,66,66,6.445,66,N3,L4+1,mannitol,M2_N3_D1,44638.477
490,0.098,65,0,65,65,6.348,65,N3,L4+1,mannitol,M2_N3_D1,44638.477
491,0.098,63,0,63,63,6.152,63,N3,L4+1,mannitol,M2_N3_D1,44638.477
492,0.293,63.333,2.517,61,66,18.555,190,N3,L4+1,mannitol,M2_N3_D1,44638.477
493,0.293,52.667,13.013,40,66,15.43,158,N3,L4+1,mannitol,M2_N3_D1,44638.477
494,0.098,35,0,35,35,3.418,35,N3,L4+1,mannitol,M2_N3_D1,44638.477
495,0.098,37,0,37,37,3.613,37,N3,L4+1,mannitol,M2_N3_D1,44638.477
496,0.098,62,0,62,62,6.055,62,N3,L4+1,mannitol,M2_N3_D1,44638.477
497,0.391,39,2.449,37,42,15.234,156,N3,L4+1,mannitol,M2_N3_D1,44638.477
498,0.293,43.667,13.614,33,59,12.793,131,N3,L4+1,mannitol,M2_N3_D1,44638.477
499,0.195,38,2.828,36,40,7.422,76,N3,L4+1,mannitol,M2_N3_D1,44638.477
500,0.684,62.714,3.039,58,66,42.871,439,N3,L4+1,mannitol,M2_N3_D1,44638.477
501,0.293,65.667,0.577,65,66,19.238,197,N3,L4+1,mannitol,M2_N3_D1,44638.477
502,0.195,66,0,66,66,12.891,132,N3,L4+1,mannitol,M2_N3_D1,44638.477
503,0.195,52,16.971,40,64,10.156,104,N3,L4+1,mannitol,M2_N3_D1,44638.477
504,0.098,50,0,50,50,4.883,50,N3,L4+1,mannitol,M2_N3_D1,44638.477
505,0.781,63.25,2.765,58,66,49.414,506,N3,L4+1,mannitol,M2_N3_D1,44638.477
506,0.098,66,0,66,66,6.445,66,N3,L4+1,mannitol,M2_N3_D1,44638.477
507,0.098,37,0,37,37,3.613,37,N3,L4+1,mannitol,M2_N3_D1,44638.477
508,0.488,61.2,3.493,57,66,29.883,306,N3,L4+1,mannitol,M2_N3_D1,44638.477
509,0.098,66,0,66,66,6.445,66,N3,L4+1,mannitol,M2_N3_D1,44638.477
510,0.293,53.667,14.295,38,66,15.723,161,N3,L4+1,mannitol,M2_N3_D1,44638.477
511,1.66,63.529,2.375,57,66,105.469,1080,N3,L4+1,mannitol,M2_N3_D1,44638.477
512,0.098,65,0,65,65,6.348,65,N3,L4+1,mannitol,M2_N3_D1,44638.477
513,0.098,30,0,30,30,2.93,30,N3,L4+1,mannitol,M2_N3_D1,44638.477
514,0.098,66,0,66,66,6.445,66,N3,L4+1,mannitol,M2_N3_D1,44638.477
515,0.098,55,0,55,55,5.371,55,N3,L4+1,mannitol,M2_N3_D1,44638.477
516,0.098,65,0,65,65,6.348,65,N3,L4+1,mannitol,M2_N3_D1,44638.477
517,2.539,58,4.354,49,65,147.266,1508,N3,L4+1,mannitol,M2_N3_D1,44638.477
518,0.195,62,4.243,59,65,12.109,124,N3,L4+1,mannitol,M2_N3_D1,44638.477
519,0.098,66,0,66,66,6.445,66,N3,L4+1,mannitol,M2_N3_D1,44638.477
520,0.098,66,0,66,66,6.445,66,N3,L4+1,mannitol,M2_N3_D1,44638.477
521,0.098,65,0,65,65,6.348,65,N3,L4+1,mannitol,M2_N3_D1,44638.477
522,0.098,66,0,66,66,6.445,66,N3,L4+1,mannitol,M2_N3_D1,44638.477
523,0.098,66,0,66,66,6.445,66,N3,L4+1,mannitol,M2_N3_D1,44638.477
524,0.391,59.5,4.509,54,65,23.242,238,N3,L4+1,mannitol,M2_N3_D1,44638.477
525,0.293,57,5.292,51,61,16.699,171,N3,L4+1,mannitol,M2_N3_D1,44638.477
526,0.098,66,0,66,66,6.445,66,N3,L4+1,mannitol,M2_N3_D1,44638.477
527,0.098,66,0,66,66,6.445,66,N3,L4+1,mannitol,M2_N3_D1,44638.477
528,0.098,63,0,63,63,6.152,63,N3,L4+1,mannitol,M2_N3_D1,44638.477
529,0.586,58.5,6.058,52,66,34.277,351,N3,L4+1,mannitol,M2_N3_D1,44638.477
530,0.098,65,0,65,65,6.348,65,N3,L4+1,mannitol,M2_N3_D1,44638.477
531,0.098,65,0,65,65,6.348,65,N3,L4+1,mannitol,M2_N3_D1,44638.477
532,0.098,63,0,63,63,6.152,63,N3,L4+1,mannitol,M2_N3_D1,44638.477
533,0.684,60.286,3.302,56,65,41.211,422,N3,L4+1,mannitol,M2_N3_D1,44638.477
534,0.586,62,3.742,57,66,36.328,372,N3,L4+1,mannitol,M2_N3_D1,44638.477
535,0.781,57.75,9.633,42,66,45.117,462,N3,L4+1,mannitol,M2_N3_D1,44638.477
536,0.098,66,0,66,66,6.445,66,N3,L4+1,mannitol,M2_N3_D1,44638.477
537,0.098,65,0,65,65,6.348,65,N3,L4+1,mannitol,M2_N3_D1,44638.477
538,0.098,65,0,65,65,6.348,65,N3,L4+1,mannitol,M2_N3_D1,44638.477
539,0.098,65,0,65,65,6.348,65,N3,L4+1,mannitol,M2_N3_D1,44638.477
540,0.195,62,1.414,61,63,12.109,124,N3,L4+1,mannitol,M2_N3_D1,44638.477
541,0.488,55.6,7.127,47,63,27.148,278,N3,L4+1,mannitol,M2_N3_D1,44638.477
542,0.098,35,0,35,35,3.418,35,N3,L4+1,mannitol,M2_N3_D1,44638.477
543,0.488,37.6,11.845,30,58,18.359,188,N3,L4+1,mannitol,M2_N3_D1,44638.477
544,0.195,63,1.414,62,64,12.305,126,N3,L4+1,mannitol,M2_N3_D1,44638.477
545,0.293,45.667,10.116,34,52,13.379,137,N3,L4+1,mannitol,M2_N3_D1,44638.477
546,0.195,48,8.485,42,54,9.375,96,N3,L4+1,mannitol,M2_N3_D1,44638.477
547,0.195,64.5,0.707,64,65,12.598,129,N3,L4+1,mannitol,M2_N3_D1,44638.477
548,0.293,46,12.166,38,60,13.477,138,N3,L4+1,mannitol,M2_N3_D1,44638.477
549,0.098,66,0,66,66,6.445,66,N3,L4+1,mannitol,M2_N3_D1,44638.477
550,0.098,52,0,52,52,5.078,52,N3,L4+1,mannitol,M2_N3_D1,44638.477
551,0.293,64.667,2.309,62,66,18.945,194,N3,L4+1,mannitol,M2_N3_D1,44638.477
552,0.098,65,0,65,65,6.348,65,N3,L4+1,mannitol,M2_N3_D1,44638.477
553,0.098,65,0,65,65,6.348,65,N3,L4+1,mannitol,M2_N3_D1,44638.477
554,0.098,43,0,43,43,4.199,43,N3,L4+1,mannitol,M2_N3_D1,44638.477
555,0.098,65,0,65,65,6.348,65,N3,L4+1,mannitol,M2_N3_D1,44638.477
556,0.195,63,1.414,62,64,12.305,126,N3,L4+1,mannitol,M2_N3_D1,44638.477
557,0.195,63.5,2.121,62,65,12.402,127,N3,L4+1,mannitol,M2_N3_D1,44638.477
558,0.195,64,0,64,64,12.5,128,N3,L4+1,mannitol,M2_N3_D1,44638.477
559,0.098,47,0,47,47,4.59,47,N3,L4+1,mannitol,M2_N3_D1,44638.477
560,0.098,43,0,43,43,4.199,43,N3,L4+1,mannitol,M2_N3_D1,44638.477
561,0.098,60,0,60,60,5.859,60,N3,L4+1,mannitol,M2_N3_D1,44638.477
562,0.098,64,0,64,64,6.25,64,N3,L4+1,mannitol,M2_N3_D1,44638.477
563,0.293,62.667,2.517,60,65,18.359,188,N3,L4+1,mannitol,M2_N3_D1,44638.477
564,0.391,38.75,6.238,32,47,15.137,155,N3,L4+1,mannitol,M2_N3_D1,44638.477
565,0.195,58.5,4.95,55,62,11.426,117,N3,L4+1,mannitol,M2_N3_D1,44638.477
566,0.195,66,0,66,66,12.891,132,N3,L4+1,mannitol,M2_N3_D1,44638.477
567,0.098,62,0,62,62,6.055,62,N3,L4+1,mannitol,M2_N3_D1,44638.477
568,0.195,50.5,16.263,39,62,9.863,101,N3,L4+1,mannitol,M2_N3_D1,44638.477
569,0.098,56,0,56,56,5.469,56,N3,L4+1,mannitol,M2_N3_D1,44638.477
570,0.293,64.667,1.528,63,66,18.945,194,N3,L4+1,mannitol,M2_N3_D1,44638.477
571,0.098,31,0,31,31,3.027,31,N3,L4+1,mannitol,M2_N3_D1,44638.477
572,0.098,34,0,34,34,3.32,34,N3,L4+1,mannitol,M2_N3_D1,44638.477
573,0.195,44.5,4.95,41,48,8.691,89,N3,L4+1,mannitol,M2_N3_D1,44638.477
574,0.293,54,9.644,43,61,15.82,162,N3,L4+1,mannitol,M2_N3_D1,44638.477
575,0.293,65.333,0.577,65,66,19.141,196,N3,L4+1,mannitol,M2_N3_D1,44638.477
576,0.098,60,0,60,60,5.859,60,N3,L4+1,mannitol,M2_N3_D1,44638.477
577,0.098,44,0,44,44,4.297,44,N3,L4+1,mannitol,M2_N3_D1,44638.477
578,0.098,56,0,56,56,5.469,56,N3,L4+1,mannitol,M2_N3_D1,44638.477
579,0.293,62.667,3.215,59,65,18.359,188,N3,L4+1,mannitol,M2_N3_D1,44638.477
580,1.27,52.462,10.697,33,64,66.602,682,N3,L4+1,mannitol,M2_N3_D1,44638.477
581,0.098,65,0,65,65,6.348,65,N3,L4+1,mannitol,M2_N3_D1,44638.477
582,0.195,45.5,19.092,32,59,8.887,91,N3,L4+1,mannitol,M2_N3_D1,44638.477
583,0.684,48,13.064,34,66,32.812,336,N3,L4+1,mannitol,M2_N3_D1,44638.477
584,1.172,62,3.668,56,66,72.656,744,N3,L4+1,mannitol,M2_N3_D1,44638.477
585,0.098,41,0,41,41,4.004,41,N3,L4+1,mannitol,M2_N3_D1,44638.477
586,0.098,61,0,61,61,5.957,61,N3,L4+1,mannitol,M2_N3_D1,44638.477
587,0.293,63.333,0.577,63,64,18.555,190,N3,L4+1,mannitol,M2_N3_D1,44638.477
588,0.098,63,0,63,63,6.152,63,N3,L4+1,mannitol,M2_N3_D1,44638.477
589,0.098,63,0,63,63,6.152,63,N3,L4+1,mannitol,M2_N3_D1,44638.477
590,0.195,65,1.414,64,66,12.695,130,N3,L4+1,mannitol,M2_N3_D1,44638.477
591,0.098,66,0,66,66,6.445,66,N3,L4+1,mannitol,M2_N3_D1,44638.477
592,0.195,56,7.071,51,61,10.938,112,N3,L4+1,mannitol,M2_N3_D1,44638.477
593,0.098,37,0,37,37,3.613,37,N3,L4+1,mannitol,M2_N3_D1,44638.477
594,0.684,50.286,11.161,32,65,34.375,352,N3,L4+1,mannitol,M2_N3_D1,44638.477
595,0.293,37.333,4.163,34,42,10.938,112,N3,L4+1,mannitol,M2_N3_D1,44638.477
596,2.344,48.25,10.452,33,65,113.086,1158,N3,L4+1,mannitol,M2_N3_D1,44638.477
597,0.098,63,0,63,63,6.152,63,N3,L4+1,mannitol,M2_N3_D1,44638.477
598,1.66,46.824,8.041,32,66,77.734,796,N3,L4+1,mannitol,M2_N3_D1,44638.477
599,1.367,50,10.735,31,66,68.359,700,N3,L4+1,mannitol,M2_N3_D1,44638.477
600,0.391,60.75,2.63,57,63,23.73,243,N3,L4+1,mannitol,M2_N3_D1,44638.477
601,2.93,50.367,12.285,30,66,147.559,1511,N3,L4+1,mannitol,M2_N3_D1,44638.477
602,0.098,66,0,66,66,6.445,66,N3,L4+1,mannitol,M2_N3_D1,44638.477
603,0.293,64.333,2.887,61,66,18.848,193,N3,L4+1,mannitol,M2_N3_D1,44638.477
604,0.195,66,0,66,66,12.891,132,N3,L4+1,mannitol,M2_N3_D1,44638.477
605,1.758,49.111,12.3,33,66,86.328,884,N3,L4+1,mannitol,M2_N3_D1,44638.477
606,0.391,52,9.764,44,65,20.312,208,N3,L4+1,mannitol,M2_N3_D1,44638.477
607,4.199,59.535,4.651,48,66,250,2560,N3,L4+1,mannitol,M2_N3_D1,44638.477
608,0.391,50.5,13.379,33,64,19.727,202,N3,L4+1,mannitol,M2_N3_D1,44638.477
609,0.098,64,0,64,64,6.25,64,N3,L4+1,mannitol,M2_N3_D1,44638.477
610,0.098,65,0,65,65,6.348,65,N3,L4+1,mannitol,M2_N3_D1,44638.477
611,0.195,30,0,30,30,5.859,60,N3,L4+1,mannitol,M2_N3_D1,44638.477
612,0.195,33,0,33,33,6.445,66,N3,L4+1,mannitol,M2_N3_D1,44638.477
613,0.098,66,0,66,66,6.445,66,N3,L4+1,mannitol,M2_N3_D1,44638.477
614,0.781,62.125,2.232,59,65,48.535,497,N3,L4+1,mannitol,M2_N3_D1,44638.477
615,0.098,66,0,66,66,6.445,66,N3,L4+1,mannitol,M2_N3_D1,44638.477
616,0.488,60,6.325,50,66,29.297,300,N3,L4+1,mannitol,M2_N3_D1,44638.477
617,0.098,31,0,31,31,3.027,31,N3,L4+1,mannitol,M2_N3_D1,44638.477
618,0.391,50.75,9.323,41,63,19.824,203,N3,L4+1,mannitol,M2_N3_D1,44638.477
619,0.195,44.5,12.021,36,53,8.691,89,N3,L4+1,mannitol,M2_N3_D1,44638.477
620,0.098,65,0,65,65,6.348,65,N3,L4+1,mannitol,M2_N3_D1,44638.477
621,0.098,64,0,64,64,6.25,64,N3,L4+1,mannitol,M2_N3_D1,44638.477
622,0.098,33,0,33,33,3.223,33,N3,L4+1,mannitol,M2_N3_D1,44638.477
623,0.293,44.333,7.767,38,53,12.988,133,N3,L4+1,mannitol,M2_N3_D1,44638.477
624,0.098,32,0,32,32,3.125,32,N3,L4+1,mannitol,M2_N3_D1,44638.477
625,0.098,38,0,38,38,3.711,38,N3,L4+1,mannitol,M2_N3_D1,44638.477
626,0.488,57.6,10.691,39,66,28.125,288,N3,L4+1,mannitol,M2_N3_D1,44638.477
627,0.098,33,0,33,33,3.223,33,N3,L4+1,mannitol,M2_N3_D1,44638.477
628,0.098,66,0,66,66,6.445,66,N3,L4+1,mannitol,M2_N3_D1,44638.477
629,0.195,53,18.385,40,66,10.352,106,N3,L4+1,mannitol,M2_N3_D1,44638.477
630,0.977,41.2,10.891,30,64,40.234,412,N3,L4+1,mannitol,M2_N3_D1,44638.477
631,0.293,59,7.55,51,66,17.285,177,N3,L4+1,mannitol,M2_N3_D1,44638.477
632,0.391,41.5,11.733,31,58,16.211,166,N3,L4+1,mannitol,M2_N3_D1,44638.477
633,0.098,63,0,63,63,6.152,63,N3,L4+1,mannitol,M2_N3_D1,44638.477
634,0.781,51.5,8.159,40,64,40.234,412,N3,L4+1,mannitol,M2_N3_D1,44638.477
635,0.586,52.5,9.545,40,66,30.762,315,N3,L4+1,mannitol,M2_N3_D1,44638.477
636,0.098,30,0,30,30,2.93,30,N3,L4+1,mannitol,M2_N3_D1,44638.477
637,0.293,37.667,9.074,31,48,11.035,113,N3,L4+1,mannitol,M2_N3_D1,44638.477
638,0.098,63,0,63,63,6.152,63,N3,L4+1,mannitol,M2_N3_D1,44638.477
639,0.098,57,0,57,57,5.566,57,N3,L4+1,mannitol,M2_N3_D1,44638.477
640,0.781,51.875,10.869,30,66,40.527,415,N3,L4+1,mannitol,M2_N3_D1,44638.477
641,0.098,30,0,30,30,2.93,30,N3,L4+1,mannitol,M2_N3_D1,44638.477
642,0.195,61.5,2.121,60,63,12.012,123,N3,L4+1,mannitol,M2_N3_D1,44638.477
643,0.391,35.75,3.775,33,41,13.965,143,N3,L4+1,mannitol,M2_N3_D1,44638.477
644,0.195,31,0,31,31,6.055,62,N3,L4+1,mannitol,M2_N3_D1,44638.477
645,0.293,40,6.557,34,47,11.719,120,N3,L4+1,mannitol,M2_N3_D1,44638.477
646,0.098,65,0,65,65,6.348,65,N3,L4+1,mannitol,M2_N3_D1,44638.477
647,0.195,42,2.828,40,44,8.203,84,N3,L4+1,mannitol,M2_N3_D1,44638.477
648,0.098,31,0,31,31,3.027,31,N3,L4+1,mannitol,M2_N3_D1,44638.477
649,0.098,30,0,30,30,2.93,30,N3,L4+1,mannitol,M2_N3_D1,44638.477
650,0.293,48.667,11.15,36,57,14.258,146,N3,L4+1,mannitol,M2_N3_D1,44638.477
651,0.098,65,0,65,65,6.348,65,N3,L4+1,mannitol,M2_N3_D1,44638.477
652,0.098,63,0,63,63,6.152,63,N3,L4+1,mannitol,M2_N3_D1,44638.477
653,0.098,59,0,59,59,5.762,59,N3,L4+1,mannitol,M2_N3_D1,44638.477
654,0.195,34,1.414,33,35,6.641,68,N3,L4+1,mannitol,M2_N3_D1,44638.477
655,0.098,47,0,47,47,4.59,47,N3,L4+1,mannitol,M2_N3_D1,44638.477
656,0.098,31,0,31,31,3.027,31,N3,L4+1,mannitol,M2_N3_D1,44638.477
657,0.391,63.25,1.708,61,65,24.707,253,N3,L4+1,mannitol,M2_N3_D1,44638.477
658,0.098,54,0,54,54,5.273,54,N3,L4+1,mannitol,M2_N3_D1,44638.477
659,0.098,38,0,38,38,3.711,38,N3,L4+1,mannitol,M2_N3_D1,44638.477
660,0.781,53,11.65,35,66,41.406,424,N3,L4+1,mannitol,M2_N3_D1,44638.477
661,0.098,64,0,64,64,6.25,64,N3,L4+1,mannitol,M2_N3_D1,44638.477
662,0.098,44,0,44,44,4.297,44,N3,L4+1,mannitol,M2_N3_D1,44638.477
663,0.098,65,0,65,65,6.348,65,N3,L4+1,mannitol,M2_N3_D1,44638.477
664,0.586,41.5,3.782,36,46,24.316,249,N3,L4+1,mannitol,M2_N3_D1,44638.477
665,0.098,45,0,45,45,4.395,45,N3,L4+1,mannitol,M2_N3_D1,44638.477
666,0.195,32,2.828,30,34,6.25,64,N3,L4+1,mannitol,M2_N3_D1,44638.477
667,0.195,51.5,12.021,43,60,10.059,103,N3,L4+1,mannitol,M2_N3_D1,44638.477
668,0.684,38.286,7.387,30,51,26.172,268,N3,L4+1,mannitol,M2_N3_D1,44638.477
669,0.098,61,0,61,61,5.957,61,N3,L4+1,mannitol,M2_N3_D1,44638.477
670,0.098,40,0,40,40,3.906,40,N3,L4+1,mannitol,M2_N3_D1,44638.477
671,0.098,56,0,56,56,5.469,56,N3,L4+1,mannitol,M2_N3_D1,44638.477
672,0.195,47,24.042,30,64,9.18,94,N3,L4+1,mannitol,M2_N3_D1,44638.477
673,0.098,65,0,65,65,6.348,65,N3,L4+1,mannitol,M2_N3_D1,44638.477
674,0.098,41,0,41,41,4.004,41,N3,L4+1,mannitol,M2_N3_D1,44638.477
675,0.098,41,0,41,41,4.004,41,N3,L4+1,mannitol,M2_N3_D1,44638.477
676,0.195,51.5,19.092,38,65,10.059,103,N3,L4+1,mannitol,M2_N3_D1,44638.477
677,0.098,59,0,59,59,5.762,59,N3,L4+1,mannitol,M2_N3_D1,44638.477
678,0.195,38.5,10.607,31,46,7.52,77,N3,L4+1,mannitol,M2_N3_D1,44638.477
679,0.098,37,0,37,37,3.613,37,N3,L4+1,mannitol,M2_N3_D1,44638.477
680,0.195,48,12.728,39,57,9.375,96,N3,L4+1,mannitol,M2_N3_D1,44638.477
681,0.195,48.5,6.364,44,53,9.473,97,N3,L4+1,mannitol,M2_N3_D1,44638.477
682,0.195,46,12.728,37,55,8.984,92,N3,L4+1,mannitol,M2_N3_D1,44638.477
683,0.195,48,9.899,41,55,9.375,96,N3,L4+1,mannitol,M2_N3_D1,44638.477
684,0.195,46.5,19.092,33,60,9.082,93,N3,L4+1,mannitol,M2_N3_D1,44638.477
685,0.195,58.5,6.364,54,63,11.426,117,N3,L4+1,mannitol,M2_N3_D1,44638.477
686,0.195,61,7.071,56,66,11.914,122,N3,L4+1,mannitol,M2_N3_D1,44638.477
687,0.098,66,0,66,66,6.445,66,N3,L4+1,mannitol,M2_N3_D1,44638.477
688,0.293,44.333,14.503,30,59,12.988,133,N3,L4+1,mannitol,M2_N3_D1,44638.477
689,0.098,54,0,54,54,5.273,54,N3,L4+1,mannitol,M2_N3_D1,44638.477
690,0.684,48.857,11.006,32,65,33.398,342,N3,L4+1,mannitol,M2_N3_D1,44638.477
691,0.781,56.125,9.296,37,63,43.848,449,N3,L4+1,mannitol,M2_N3_D1,44638.477
692,0.195,52.5,16.263,41,64,10.254,105,N3,L4+1,mannitol,M2_N3_D1,44638.477
693,0.098,64,0,64,64,6.25,64,N3,L4+1,mannitol,M2_N3_D1,44638.477
694,0.391,46.5,11.091,33,57,18.164,186,N3,L4+1,mannitol,M2_N3_D1,44638.477
695,0.098,41,0,41,41,4.004,41,N3,L4+1,mannitol,M2_N3_D1,44638.477
696,0.098,64,0,64,64,6.25,64,N3,L4+1,mannitol,M2_N3_D1,44638.477
697,0.195,51,12.728,42,60,9.961,102,N3,L4+1,mannitol,M2_N3_D1,44638.477
698,0.488,63.8,2.775,59,66,31.152,319,N3,L4+1,mannitol,M2_N3_D1,44638.477
699,0.879,61.111,2.028,59,65,53.711,550,N3,L4+1,mannitol,M2_N3_D1,44638.477
700,0.586,47.333,12.817,30,63,27.734,284,N3,L4+1,mannitol,M2_N3_D1,44638.477
701,0.977,58.1,5.109,48,66,56.738,581,N3,L4+1,mannitol,M2_N3_D1,44638.477
702,0.098,65,0,65,65,6.348,65,N3,L4+1,mannitol,M2_N3_D1,44638.477
703,0.098,65,0,65,65,6.348,65,N3,L4+1,mannitol,M2_N3_D1,44638.477
704,0.098,65,0,65,65,6.348,65,N3,L4+1,mannitol,M2_N3_D1,44638.477
705,0.195,57.5,0.707,57,58,11.23,115,N3,L4+1,mannitol,M2_N3_D1,44638.477
706,0.098,65,0,65,65,6.348,65,N3,L4+1,mannitol,M2_N3_D1,44638.477
707,0.195,62.5,3.536,60,65,12.207,125,N3,L4+1,mannitol,M2_N3_D1,44638.477
708,0.391,61.5,4.123,57,65,24.023,246,N3,L4+1,mannitol,M2_N3_D1,44638.477
709,0.195,63,0,63,63,12.305,126,N3,L4+1,mannitol,M2_N3_D1,44638.477
710,0.488,61.8,4.266,56,66,30.176,309,N3,L4+1,mannitol,M2_N3_D1,44638.477
711,0.195,61.5,0.707,61,62,12.012,123,N3,L4+1,mannitol,M2_N3_D1,44638.477
712,0.098,62,0,62,62,6.055,62,N3,L4+1,mannitol,M2_N3_D1,44638.477
713,0.098,65,0,65,65,6.348,65,N3,L4+1,mannitol,M2_N3_D1,44638.477
714,0.098,66,0,66,66,6.445,66,N3,L4+1,mannitol,M2_N3_D1,44638.477
715,0.195,65,1.414,64,66,12.695,130,N3,L4+1,mannitol,M2_N3_D1,44638.477
716,0.098,57,0,57,57,5.566,57,N3,L4+1,mannitol,M2_N3_D1,44638.477
717,0.195,65.5,0.707,65,66,12.793,131,N3,L4+1,mannitol,M2_N3_D1,44638.477
718,0.195,62,2.828,60,64,12.109,124,N3,L4+1,mannitol,M2_N3_D1,44638.477
719,0.098,66,0,66,66,6.445,66,N3,L4+1,mannitol,M2_N3_D1,44638.477
720,0.195,60,1.414,59,61,11.719,120,N3,L4+1,mannitol,M2_N3_D1,44638.477
721,0.098,65,0,65,65,6.348,65,N3,L4+1,mannitol,M2_N3_D1,44638.477
722,0.488,64.2,2.168,61,66,31.348,321,N3,L4+1,mannitol,M2_N3_D1,44638.477
723,0.098,65,0,65,65,6.348,65,N3,L4+1,mannitol,M2_N3_D1,44638.477
724,0.098,66,0,66,66,6.445,66,N3,L4+1,mannitol,M2_N3_D1,44638.477
725,0.293,58.667,2.887,57,62,17.188,176,N3,L4+1,mannitol,M2_N3_D1,44638.477
726,0.293,62.667,1.155,62,64,18.359,188,N3,L4+1,mannitol,M2_N3_D1,44638.477
727,0.195,51.5,14.849,41,62,10.059,103,N3,L4+1,mannitol,M2_N3_D1,44638.477
728,0.195,64.5,2.121,63,66,12.598,129,N3,L4+1,mannitol,M2_N3_D1,44638.477
729,1.172,48.75,11.971,33,65,57.129,585,N3,L4+1,mannitol,M2_N3_D1,44638.477
730,0.195,56,11.314,48,64,10.938,112,N3,L4+1,mannitol,M2_N3_D1,44638.477
731,0.195,57.5,4.95,54,61,11.23,115,N3,L4+1,mannitol,M2_N3_D1,44638.477
732,0.781,54,10.677,39,65,42.188,432,N3,L4+1,mannitol,M2_N3_D1,44638.477
733,0.586,44.5,10.445,35,63,26.074,267,N3,L4+1,mannitol,M2_N3_D1,44638.477
734,0.391,49.5,13.772,33,64,19.336,198,N3,L4+1,mannitol,M2_N3_D1,44638.477
735,0.098,43,0,43,43,4.199,43,N3,L4+1,mannitol,M2_N3_D1,44638.477
736,0.098,66,0,66,66,6.445,66,N3,L4+1,mannitol,M2_N3_D1,44638.477
737,0.098,56,0,56,56,5.469,56,N3,L4+1,mannitol,M2_N3_D1,44638.477
738,0.488,45.8,12.558,35,65,22.363,229,N3,L4+1,mannitol,M2_N3_D1,44638.477
739,0.195,44,11.314,36,52,8.594,88,N3,L4+1,mannitol,M2_N3_D1,44638.477
740,0.098,46,0,46,46,4.492,46,N3,L4+1,mannitol,M2_N3_D1,44638.477
741,0.391,49.25,15.086,33,64,19.238,197,N3,L4+1,mannitol,M2_N3_D1,44638.477
742,0.488,48.8,16.3,30,66,23.828,244,N3,L4+1,mannitol,M2_N3_D1,44638.477
743,0.195,38,11.314,30,46,7.422,76,N3,L4+1,mannitol,M2_N3_D1,44638.477
744,0.195,45.5,6.364,41,50,8.887,91,N3,L4+1,mannitol,M2_N3_D1,44638.477
745,0.195,64.5,2.121,63,66,12.598,129,N3,L4+1,mannitol,M2_N3_D1,44638.477
746,1.953,54.95,10.971,30,66,107.324,1099,N3,L4+1,mannitol,M2_N3_D1,44638.477
747,1.465,49.133,11.673,30,66,71.973,737,N3,L4+1,mannitol,M2_N3_D1,44638.477
748,0.195,62.5,2.121,61,64,12.207,125,N3,L4+1,mannitol,M2_N3_D1,44638.477
749,0.195,51,14.142,41,61,9.961,102,N3,L4+1,mannitol,M2_N3_D1,44638.477
750,0.098,48,0,48,48,4.688,48,N3,L4+1,mannitol,M2_N3_D1,44638.477
751,0.195,60.5,0.707,60,61,11.816,121,N3,L4+1,mannitol,M2_N3_D1,44638.477
752,0.293,44.667,16.258,32,63,13.086,134,N3,L4+1,mannitol,M2_N3_D1,44638.477
753,0.098,65,0,65,65,6.348,65,N3,L4+1,mannitol,M2_N3_D1,44638.477
754,1.66,51.176,11.154,30,65,84.961,870,N3,L4+1,mannitol,M2_N3_D1,44638.477
755,1.172,46.25,10.393,31,59,54.199,555,N3,L4+1,mannitol,M2_N3_D1,44638.477
756,1.074,44.091,11.049,32,62,47.363,485,N3,L4+1,mannitol,M2_N3_D1,44638.477
757,0.098,38,0,38,38,3.711,38,N3,L4+1,mannitol,M2_N3_D1,44638.477
758,0.293,42,12.124,31,55,12.305,126,N3,L4+1,mannitol,M2_N3_D1,44638.477
759,0.098,60,0,60,60,5.859,60,N3,L4+1,mannitol,M2_N3_D1,44638.477
760,0.195,58.5,6.364,54,63,11.426,117,N3,L4+1,mannitol,M2_N3_D1,44638.477
761,0.488,40.2,12.795,31,62,19.629,201,N3,L4+1,mannitol,M2_N3_D1,44638.477
762,0.098,31,0,31,31,3.027,31,N3,L4+1,mannitol,M2_N3_D1,44638.477
763,0.098,66,0,66,66,6.445,66,N3,L4+1,mannitol,M2_N3_D1,44638.477
764,0.488,52,9.566,38,64,25.391,260,N3,L4+1,mannitol,M2_N3_D1,44638.477
765,0.488,32.2,1.924,30,35,15.723,161,N3,L4+1,mannitol,M2_N3_D1,44638.477
766,0.098,62,0,62,62,6.055,62,N3,L4+1,mannitol,M2_N3_D1,44638.477
767,0.195,44,0,44,44,8.594,88,N3,L4+1,mannitol,M2_N3_D1,44638.477
768,0.195,49.5,13.435,40,59,9.668,99,N3,L4+1,mannitol,M2_N3_D1,44638.477
769,0.098,66,0,66,66,6.445,66,N3,L4+1,mannitol,M2_N3_D1,44638.477
770,0.098,63,0,63,63,6.152,63,N3,L4+1,mannitol,M2_N3_D1,44638.477
771,2.832,42.552,10.459,31,61,120.508,1234,N3,L4+1,mannitol,M2_N3_D1,44638.477
772,0.098,32,0,32,32,3.125,32,N3,L4+1,mannitol,M2_N3_D1,44638.477
773,0.098,62,0,62,62,6.055,62,N3,L4+1,mannitol,M2_N3_D1,44638.477
774,0.098,62,0,62,62,6.055,62,N3,L4+1,mannitol,M2_N3_D1,44638.477
775,0.391,49.75,12.01,36,64,19.434,199,N3,L4+1,mannitol,M2_N3_D1,44638.477
776,0.391,40.75,12.816,31,58,15.918,163,N3,L4+1,mannitol,M2_N3_D1,44638.477
777,0.391,34.75,3.775,31,38,13.574,139,N3,L4+1,mannitol,M2_N3_D1,44638.477
778,0.195,47,11.314,39,55,9.18,94,N3,L4+1,mannitol,M2_N3_D1,44638.477
779,0.098,54,0,54,54,5.273,54,N3,L4+1,mannitol,M2_N3_D1,44638.477
780,0.098,31,0,31,31,3.027,31,N3,L4+1,mannitol,M2_N3_D1,44638.477
781,0.195,46.5,19.092,33,60,9.082,93,N3,L4+1,mannitol,M2_N3_D1,44638.477
782,2.148,39.455,7.639,30,55,84.766,868,N3,L4+1,mannitol,M2_N3_D1,44638.477
783,0.098,64,0,64,64,6.25,64,N3,L4+1,mannitol,M2_N3_D1,44638.477
784,0.391,44.25,10.079,32,53,17.285,177,N3,L4+1,mannitol,M2_N3_D1,44638.477
785,0.488,39.6,10.09,30,53,19.336,198,N3,L4+1,mannitol,M2_N3_D1,44638.477
786,0.293,45.667,10.408,34,54,13.379,137,N3,L4+1,mannitol,M2_N3_D1,44638.477
787,0.781,44,10.85,34,65,34.375,352,N3,L4+1,mannitol,M2_N3_D1,44638.477
788,0.879,39,9.785,30,55,34.277,351,N3,L4+1,mannitol,M2_N3_D1,44638.477
789,1.074,33.636,2.618,30,39,36.133,370,N3,L4+1,mannitol,M2_N3_D1,44638.477
790,0.098,31,0,31,31,3.027,31,N3,L4+1,mannitol,M2_N3_D1,44638.477
791,0.293,49,10.583,41,61,14.355,147,N3,L4+1,mannitol,M2_N3_D1,44638.477
792,0.293,44.667,15.308,33,62,13.086,134,N3,L4+1,mannitol,M2_N3_D1,44638.477
793,1.562,39.562,7.42,30,54,61.816,633,N3,L4+1,mannitol,M2_N3_D1,44638.477
794,0.391,45.5,14.888,34,66,17.773,182,N3,L4+1,mannitol,M2_N3_D1,44638.477
795,0.098,40,0,40,40,3.906,40,N3,L4+1,mannitol,M2_N3_D1,44638.477
796,0.195,41.5,9.192,35,48,8.105,83,N3,L4+1,mannitol,M2_N3_D1,44638.477
797,0.195,37,4.243,34,40,7.227,74,N3,L4+1,mannitol,M2_N3_D1,44638.477
798,0.488,31.8,1.095,31,33,15.527,159,N3,L4+1,mannitol,M2_N3_D1,44638.477
799,0.293,57.333,3.512,54,61,16.797,172,N3,L4+1,mannitol,M2_N3_D1,44638.477
800,0.391,39,8.367,32,51,15.234,156,N3,L4+1,mannitol,M2_N3_D1,44638.477
801,1.367,38.857,6.678,30,53,53.125,544,N3,L4+1,mannitol,M2_N3_D1,44638.477
802,0.684,44.571,9.572,32,57,30.469,312,N3,L4+1,mannitol,M2_N3_D1,44638.477
803,0.098,41,0,41,41,4.004,41,N3,L4+1,mannitol,M2_N3_D1,44638.477
804,0.098,51,0,51,51,4.98,51,N3,L4+1,mannitol,M2_N3_D1,44638.477
805,0.293,46.667,12.702,32,54,13.672,140,N3,L4+1,mannitol,M2_N3_D1,44638.477
806,0.098,66,0,66,66,6.445,66,N3,L4+1,mannitol,M2_N3_D1,44638.477
807,0.098,65,0,65,65,6.348,65,N3,L4+1,mannitol,M2_N3_D1,44638.477
808,0.098,58,0,58,58,5.664,58,N3,L4+1,mannitol,M2_N3_D1,44638.477
809,0.195,38,9.899,31,45,7.422,76,N3,L4+1,mannitol,M2_N3_D1,44638.477
810,0.098,62,0,62,62,6.055,62,N3,L4+1,mannitol,M2_N3_D1,44638.477
811,0.098,55,0,55,55,5.371,55,N3,L4+1,mannitol,M2_N3_D1,44638.477
812,0.293,31.667,2.887,30,35,9.277,95,N3,L4+1,mannitol,M2_N3_D1,44638.477
813,1.172,34.25,6.032,30,49,40.137,411,N3,L4+1,mannitol,M2_N3_D1,44638.477
814,1.074,62.545,3.532,53,66,67.188,688,N3,L4+1,mannitol,M2_N3_D1,44638.477
815,0.098,66,0,66,66,6.445,66,N3,L4+1,mannitol,M2_N3_D1,44638.477
816,0.098,64,0,64,64,6.25,64,N3,L4+1,mannitol,M2_N3_D1,44638.477
817,0.293,47.333,15.308,30,59,13.867,142,N3,L4+1,mannitol,M2_N3_D1,44638.477
818,0.195,63,0,63,63,12.305,126,N3,L4+1,mannitol,M2_N3_D1,44638.477
819,0.195,31,0,31,31,6.055,62,N3,L4+1,mannitol,M2_N3_D1,44638.477
820,0.098,64,0,64,64,6.25,64,N3,L4+1,mannitol,M2_N3_D1,44638.477
821,1.074,55.364,7.903,42,66,59.473,609,N3,L4+1,mannitol,M2_N3_D1,44638.477
822,0.195,60.5,4.95,57,64,11.816,121,N3,L4+1,mannitol,M2_N3_D1,44638.477
823,0.293,52.667,9.452,42,60,15.43,158,N3,L4+1,mannitol,M2_N3_D1,44638.477
824,0.195,39,5.657,35,43,7.617,78,N3,L4+1,mannitol,M2_N3_D1,44638.477
825,0.488,44,8.276,30,52,21.484,220,N3,L4+1,mannitol,M2_N3_D1,44638.477
826,0.586,54.5,7.12,48,65,31.934,327,N3,L4+1,mannitol,M2_N3_D1,44638.477
827,0.098,33,0,33,33,3.223,33,N3,L4+1,mannitol,M2_N3_D1,44638.477
828,0.391,36.25,5.737,31,44,14.16,145,N3,L4+1,mannitol,M2_N3_D1,44638.477
829,0.293,57.333,6.658,53,65,16.797,172,N3,L4+1,mannitol,M2_N3_D1,44638.477
830,0.195,62,4.243,59,65,12.109,124,N3,L4+1,mannitol,M2_N3_D1,44638.477
831,0.098,31,0,31,31,3.027,31,N3,L4+1,mannitol,M2_N3_D1,44638.477
832,0.195,30.5,0.707,30,31,5.957,61,N3,L4+1,mannitol,M2_N3_D1,44638.477
833,0.098,63,0,63,63,6.152,63,N3,L4+1,mannitol,M2_N3_D1,44638.477
834,1.465,54.467,7.615,44,66,79.785,817,N3,L4+1,mannitol,M2_N3_D1,44638.477
835,0.098,64,0,64,64,6.25,64,N3,L4+1,mannitol,M2_N3_D1,44638.477
836,3.906,55.2,8.055,40,66,215.625,2208,N3,L4+1,mannitol,M2_N3_D1,44638.477
837,1.27,58.538,4.666,51,66,74.316,761,N3,L4+1,mannitol,M2_N3_D1,44638.477
838,0.098,66,0,66,66,6.445,66,N3,L4+1,mannitol,M2_N3_D1,44638.477
839,0.684,63.571,2.149,61,66,43.457,445,N3,L4+1,mannitol,M2_N3_D1,44638.477
840,0.391,62.25,1.5,60,63,24.316,249,N3,L4+1,mannitol,M2_N3_D1,44638.477
841,0.195,65.5,0.707,65,66,12.793,131,N3,L4+1,mannitol,M2_N3_D1,44638.477
842,0.684,64.286,2.928,58,66,43.945,450,N3,L4+1,mannitol,M2_N3_D1,44638.477
843,0.098,66,0,66,66,6.445,66,N3,L4+1,mannitol,M2_N3_D1,44638.477
844,0.195,64,2.828,62,66,12.5,128,N3,L4+1,mannitol,M2_N3_D1,44638.477
845,1.465,61.133,5.041,49,66,89.551,917,N3,L4+1,mannitol,M2_N3_D1,44638.477
846,1.172,60.75,3.251,53,64,71.191,729,N3,L4+1,mannitol,M2_N3_D1,44638.477
847,1.562,61.188,3.97,52,66,95.605,979,N3,L4+1,mannitol,M2_N3_D1,44638.477
848,0.195,62.5,4.95,59,66,12.207,125,N3,L4+1,mannitol,M2_N3_D1,44638.477
849,0.293,60.333,2.082,58,62,17.676,181,N3,L4+1,mannitol,M2_N3_D1,44638.477
850,0.195,65.5,0.707,65,66,12.793,131,N3,L4+1,mannitol,M2_N3_D1,44638.477
851,0.098,62,0,62,62,6.055,62,N3,L4+1,mannitol,M2_N3_D1,44638.477
852,0.098,63,0,63,63,6.152,63,N3,L4+1,mannitol,M2_N3_D1,44638.477
853,0.391,63.5,3,60,66,24.805,254,N3,L4+1,mannitol,M2_N3_D1,44638.477
854,0.195,66,0,66,66,12.891,132,N3,L4+1,mannitol,M2_N3_D1,44638.477
855,0.098,66,0,66,66,6.445,66,N3,L4+1,mannitol,M2_N3_D1,44638.477
856,0.098,66,0,66,66,6.445,66,N3,L4+1,mannitol,M2_N3_D1,44638.477
857,0.195,61,1.414,60,62,11.914,122,N3,L4+1,mannitol,M2_N3_D1,44638.477
858,0.195,60.5,2.121,59,62,11.816,121,N3,L4+1,mannitol,M2_N3_D1,44638.477
859,0.098,65,0,65,65,6.348,65,N3,L4+1,mannitol,M2_N3_D1,44638.477
860,0.293,64.667,1.528,63,66,18.945,194,N3,L4+1,mannitol,M2_N3_D1,44638.477
861,0.293,59.333,4.041,57,64,17.383,178,N3,L4+1,mannitol,M2_N3_D1,44638.477
862,0.098,60,0,60,60,5.859,60,N3,L4+1,mannitol,M2_N3_D1,44638.477
863,0.098,66,0,66,66,6.445,66,N3,L4+1,mannitol,M2_N3_D1,44638.477
864,0.098,65,0,65,65,6.348,65,N3,L4+1,mannitol,M2_N3_D1,44638.477
